--
-- Script was generated by Devart dbForge Studio 2021 for SQL Server, Version 6.0.563.0
-- Product home page: http://www.devart.com/dbforge/sql/studio
-- Script date 02/03/2023 2:51:13 PM
-- Server version: 15.00.4153
--


SET DATEFORMAT ymd
SET ARITHABORT, ANSI_PADDING, ANSI_WARNINGS, CONCAT_NULL_YIELDS_NULL, QUOTED_IDENTIFIER, ANSI_NULLS, NOCOUNT ON
SET NUMERIC_ROUNDABORT, IMPLICIT_TRANSACTIONS, XACT_ABORT OFF
GO

USE Medium
GO

IF DB_NAME() <> N'Medium' SET NOEXEC ON
GO

--
-- Create table [dbo].[Tags]
--
PRINT (N'Create table [dbo].[Tags]')
GO
CREATE TABLE dbo.Tags (
  Id int IDENTITY,
  Title nvarchar(150) NOT NULL,
  IsActive bit NOT NULL,
  CONSTRAINT PK_Tags PRIMARY KEY CLUSTERED (Id)
)
ON [PRIMARY]
GO

--
-- Create table [dbo].[sysdiagrams]
--
PRINT (N'Create table [dbo].[sysdiagrams]')
GO
CREATE TABLE dbo.sysdiagrams (
  name sysname NOT NULL,
  principal_id int NOT NULL,
  diagram_id int IDENTITY,
  version int NULL,
  definition varbinary(max) NULL,
  PRIMARY KEY CLUSTERED (diagram_id),
  CONSTRAINT UK_principal_name UNIQUE (principal_id, name)
)
ON [PRIMARY]
TEXTIMAGE_ON [PRIMARY]
GO

--
-- Create table [dbo].[Posts]
--
PRINT (N'Create table [dbo].[Posts]')
GO
CREATE TABLE dbo.Posts (
  Id int NOT NULL,
  UserId int NOT NULL,
  Slug nvarchar(300) NOT NULL,
  Title nvarchar(300) NOT NULL,
  Description nvarchar(1000) NULL,
  PostContent nvarchar(max) NOT NULL,
  BannerImageUrl nvarchar(1000) NULL,
  IsActive bit NOT NULL,
  CommentsEnabled bit NOT NULL,
  ViewCount int NOT NULL,
  CreatedDate datetime NOT NULL,
  CONSTRAINT PK_Posts PRIMARY KEY CLUSTERED (Id)
)
ON [PRIMARY]
TEXTIMAGE_ON [PRIMARY]
GO

--
-- Create table [dbo].[PostComments]
--
PRINT (N'Create table [dbo].[PostComments]')
GO
CREATE TABLE dbo.PostComments (
  Id int IDENTITY,
  PostId int NOT NULL,
  UserId int NOT NULL,
  ParentId int NULL,
  Comment nvarchar(max) NOT NULL,
  CreatedDate datetime NOT NULL,
  IsActive bit NOT NULL,
  CONSTRAINT PK_Table_1 PRIMARY KEY CLUSTERED (Id)
)
ON [PRIMARY]
TEXTIMAGE_ON [PRIMARY]
GO

--
-- Create table [dbo].[LogUserActivities]
--
PRINT (N'Create table [dbo].[LogUserActivities]')
GO
CREATE TABLE dbo.LogUserActivities (
  Id bigint IDENTITY,
  UserId int NULL,
  CreatedDate datetime2 NOT NULL,
  HttpMethod varchar(250) NULL,
  UserData nvarchar(max) NULL,
  IPAddress varchar(50) NULL,
  Browser varchar(250) NULL,
  ImpersonatedBy int NULL,
  CONSTRAINT PK_LogUserActivities PRIMARY KEY CLUSTERED (Id)
)
ON [PRIMARY]
TEXTIMAGE_ON [PRIMARY]
GO

--
-- Create table [dbo].[Categories]
--
PRINT (N'Create table [dbo].[Categories]')
GO
CREATE TABLE dbo.Categories (
  Id int IDENTITY,
  Title nvarchar(150) NOT NULL,
  IsActive bit NOT NULL,
  CONSTRAINT PK_Categories PRIMARY KEY CLUSTERED (Id)
)
ON [PRIMARY]
GO

--
-- Create table [dbo].[AuditTrailLogs]
--
PRINT (N'Create table [dbo].[AuditTrailLogs]')
GO
CREATE TABLE dbo.AuditTrailLogs (
  Id int IDENTITY,
  UserId varchar(50) NULL,
  Type varchar(50) NULL,
  TableName varchar(250) NULL,
  ActionDateTime datetime NOT NULL,
  OldValues nvarchar(max) NULL,
  NewValues nvarchar(max) NULL,
  AffectedColumns varchar(1000) NULL,
  PrimaryKey varchar(250) NULL,
  CONSTRAINT PK_AuditTrailLogs PRIMARY KEY CLUSTERED (Id)
)
ON [PRIMARY]
TEXTIMAGE_ON [PRIMARY]
GO

--
-- Create table [dbo].[AspNetUserTokens]
--
PRINT (N'Create table [dbo].[AspNetUserTokens]')
GO
CREATE TABLE dbo.AspNetUserTokens (
  UserId int NOT NULL,
  LoginProvider nvarchar(450) NOT NULL,
  Name nvarchar(450) NOT NULL,
  Value nvarchar(max) NULL,
  CONSTRAINT PK_AspNetUserTokens PRIMARY KEY CLUSTERED (UserId, LoginProvider, Name)
)
ON [PRIMARY]
TEXTIMAGE_ON [PRIMARY]
GO

--
-- Create table [dbo].[AspNetUsers]
--
PRINT (N'Create table [dbo].[AspNetUsers]')
GO
CREATE TABLE dbo.AspNetUsers (
  Id int IDENTITY,
  FullName nvarchar(200) NULL,
  UserName nvarchar(256) NULL,
  NormalizedUserName nvarchar(256) NULL,
  Email nvarchar(256) NULL,
  NormalizedEmail nvarchar(256) NULL,
  EmailConfirmed bit NOT NULL,
  PasswordHash nvarchar(max) NULL,
  SecurityStamp nvarchar(max) NULL,
  ConcurrencyStamp nvarchar(max) NULL,
  PhoneNumber nvarchar(max) NULL,
  PhoneNumberConfirmed bit NOT NULL,
  TwoFactorEnabled bit NOT NULL,
  LockoutEnd datetimeoffset NULL,
  LockoutEnabled bit NOT NULL,
  AccessFailedCount int NOT NULL,
  CONSTRAINT PK_AspNetUsers PRIMARY KEY CLUSTERED (Id)
)
ON [PRIMARY]
TEXTIMAGE_ON [PRIMARY]
GO

--
-- Create index [EmailIndex] on table [dbo].[AspNetUsers]
--
PRINT (N'Create index [EmailIndex] on table [dbo].[AspNetUsers]')
GO
CREATE INDEX EmailIndex
  ON dbo.AspNetUsers (NormalizedEmail)
  ON [PRIMARY]
GO

--
-- Create index [UserNameIndex] on table [dbo].[AspNetUsers]
--
PRINT (N'Create index [UserNameIndex] on table [dbo].[AspNetUsers]')
GO
CREATE UNIQUE INDEX UserNameIndex
  ON dbo.AspNetUsers (NormalizedUserName)
  WHERE ([NormalizedUserName] IS NOT NULL)
  ON [PRIMARY]
GO

--
-- Create table [dbo].[AspNetUserLogins]
--
PRINT (N'Create table [dbo].[AspNetUserLogins]')
GO
CREATE TABLE dbo.AspNetUserLogins (
  LoginProvider nvarchar(450) NOT NULL,
  ProviderKey nvarchar(450) NOT NULL,
  ProviderDisplayName nvarchar(max) NULL,
  UserId int NOT NULL,
  CONSTRAINT PK_AspNetUserLogins PRIMARY KEY CLUSTERED (LoginProvider, ProviderKey)
)
ON [PRIMARY]
TEXTIMAGE_ON [PRIMARY]
GO

--
-- Create index [IX_AspNetUserLogins_UserId] on table [dbo].[AspNetUserLogins]
--
PRINT (N'Create index [IX_AspNetUserLogins_UserId] on table [dbo].[AspNetUserLogins]')
GO
CREATE INDEX IX_AspNetUserLogins_UserId
  ON dbo.AspNetUserLogins (UserId)
  ON [PRIMARY]
GO

--
-- Create table [dbo].[AspNetUserClaims]
--
PRINT (N'Create table [dbo].[AspNetUserClaims]')
GO
CREATE TABLE dbo.AspNetUserClaims (
  Id int IDENTITY,
  UserId int NOT NULL,
  ClaimType nvarchar(max) NULL,
  ClaimValue nvarchar(max) NULL,
  CONSTRAINT PK_AspNetUserClaims PRIMARY KEY CLUSTERED (Id)
)
ON [PRIMARY]
TEXTIMAGE_ON [PRIMARY]
GO

--
-- Create index [IX_AspNetUserClaims_UserId] on table [dbo].[AspNetUserClaims]
--
PRINT (N'Create index [IX_AspNetUserClaims_UserId] on table [dbo].[AspNetUserClaims]')
GO
CREATE INDEX IX_AspNetUserClaims_UserId
  ON dbo.AspNetUserClaims (UserId)
  ON [PRIMARY]
GO

--
-- Create table [dbo].[AspNetRoles]
--
PRINT (N'Create table [dbo].[AspNetRoles]')
GO
CREATE TABLE dbo.AspNetRoles (
  Id int IDENTITY,
  Name nvarchar(256) NULL,
  NormalizedName nvarchar(256) NULL,
  ConcurrencyStamp nvarchar(max) NULL,
  CONSTRAINT PK_AspNetRoles PRIMARY KEY CLUSTERED (Id)
)
ON [PRIMARY]
TEXTIMAGE_ON [PRIMARY]
GO

--
-- Create index [RoleNameIndex] on table [dbo].[AspNetRoles]
--
PRINT (N'Create index [RoleNameIndex] on table [dbo].[AspNetRoles]')
GO
CREATE UNIQUE INDEX RoleNameIndex
  ON dbo.AspNetRoles (NormalizedName)
  WHERE ([NormalizedName] IS NOT NULL)
  ON [PRIMARY]
GO

--
-- Create table [dbo].[AspNetRoleClaims]
--
PRINT (N'Create table [dbo].[AspNetRoleClaims]')
GO
CREATE TABLE dbo.AspNetRoleClaims (
  Id int IDENTITY,
  RoleId int NOT NULL,
  ClaimType nvarchar(max) NULL,
  ClaimValue nvarchar(max) NULL,
  CONSTRAINT PK_AspNetRoleClaims PRIMARY KEY CLUSTERED (Id)
)
ON [PRIMARY]
TEXTIMAGE_ON [PRIMARY]
GO

--
-- Create index [IX_AspNetRoleClaims_RoleId] on table [dbo].[AspNetRoleClaims]
--
PRINT (N'Create index [IX_AspNetRoleClaims_RoleId] on table [dbo].[AspNetRoleClaims]')
GO
CREATE INDEX IX_AspNetRoleClaims_RoleId
  ON dbo.AspNetRoleClaims (RoleId)
  ON [PRIMARY]
GO

--
-- Create table [dbo].[AppClaims]
--
PRINT (N'Create table [dbo].[AppClaims]')
GO
CREATE TABLE dbo.AppClaims (
  Id int IDENTITY,
  ParentId int NULL,
  ClaimTitle varchar(250) NOT NULL,
  DisplayName nvarchar(250) NOT NULL,
  IsLink bit NOT NULL,
  UrlLink varchar(250) NULL,
  DisplayOrder int NOT NULL,
  IsActive bit NOT NULL,
  CONSTRAINT PK_AppClaims PRIMARY KEY CLUSTERED (Id)
)
ON [PRIMARY]
GO

--
-- Create table [dbo].[PostTags]
--
PRINT (N'Create table [dbo].[PostTags]')
GO
CREATE TABLE dbo.PostTags (
  TageId int NOT NULL,
  PostId int NOT NULL,
  CONSTRAINT PK_PostTags PRIMARY KEY CLUSTERED (TageId, PostId)
)
ON [PRIMARY]
GO

--
-- Create table [dbo].[PostRelatedPosts]
--
PRINT (N'Create table [dbo].[PostRelatedPosts]')
GO
CREATE TABLE dbo.PostRelatedPosts (
  PostId int NOT NULL,
  RelatedPostId int NOT NULL,
  CONSTRAINT PK_PostRelatedPosts PRIMARY KEY CLUSTERED (PostId, RelatedPostId)
)
ON [PRIMARY]
GO

--
-- Create table [dbo].[PostCategories]
--
PRINT (N'Create table [dbo].[PostCategories]')
GO
CREATE TABLE dbo.PostCategories (
  CategoryId int NOT NULL,
  PostId int NOT NULL,
  CONSTRAINT PK_PostCategories PRIMARY KEY CLUSTERED (CategoryId, PostId)
)
ON [PRIMARY]
GO

--
-- Create table [dbo].[AspNetUserRoles]
--
PRINT (N'Create table [dbo].[AspNetUserRoles]')
GO
CREATE TABLE dbo.AspNetUserRoles (
  UserId int NOT NULL,
  RoleId int NOT NULL,
  CONSTRAINT PK_AspNetUserRoles PRIMARY KEY CLUSTERED (UserId, RoleId)
)
ON [PRIMARY]
GO

--
-- Create index [IX_AspNetUserRoles_RoleId] on table [dbo].[AspNetUserRoles]
--
PRINT (N'Create index [IX_AspNetUserRoles_RoleId] on table [dbo].[AspNetUserRoles]')
GO
CREATE INDEX IX_AspNetUserRoles_RoleId
  ON dbo.AspNetUserRoles (RoleId)
  ON [PRIMARY]
GO

SET QUOTED_IDENTIFIER, ANSI_NULLS ON
GO

--
-- Create or alter function [dbo].[fn_diagramobjects]
--
GO
PRINT (N'Create or alter function [dbo].[fn_diagramobjects]')
GO

	CREATE OR ALTER FUNCTION dbo.fn_diagramobjects() 
	RETURNS int
	WITH EXECUTE AS N'dbo'
	AS
	BEGIN
		declare @id_upgraddiagrams		int
		declare @id_sysdiagrams			int
		declare @id_helpdiagrams		int
		declare @id_helpdiagramdefinition	int
		declare @id_creatediagram	int
		declare @id_renamediagram	int
		declare @id_alterdiagram 	int 
		declare @id_dropdiagram		int
		declare @InstalledObjects	int

		select @InstalledObjects = 0

		select 	@id_upgraddiagrams = object_id(N'dbo.sp_upgraddiagrams'),
			@id_sysdiagrams = object_id(N'dbo.sysdiagrams'),
			@id_helpdiagrams = object_id(N'dbo.sp_helpdiagrams'),
			@id_helpdiagramdefinition = object_id(N'dbo.sp_helpdiagramdefinition'),
			@id_creatediagram = object_id(N'dbo.sp_creatediagram'),
			@id_renamediagram = object_id(N'dbo.sp_renamediagram'),
			@id_alterdiagram = object_id(N'dbo.sp_alterdiagram'), 
			@id_dropdiagram = object_id(N'dbo.sp_dropdiagram')

		if @id_upgraddiagrams is not null
			select @InstalledObjects = @InstalledObjects + 1
		if @id_sysdiagrams is not null
			select @InstalledObjects = @InstalledObjects + 2
		if @id_helpdiagrams is not null
			select @InstalledObjects = @InstalledObjects + 4
		if @id_helpdiagramdefinition is not null
			select @InstalledObjects = @InstalledObjects + 8
		if @id_creatediagram is not null
			select @InstalledObjects = @InstalledObjects + 16
		if @id_renamediagram is not null
			select @InstalledObjects = @InstalledObjects + 32
		if @id_alterdiagram  is not null
			select @InstalledObjects = @InstalledObjects + 64
		if @id_dropdiagram is not null
			select @InstalledObjects = @InstalledObjects + 128
		
		return @InstalledObjects 
	END
	
GO

-- 
-- Dumping data for table Tags
--
PRINT (N'Dumping data for table Tags')
SET IDENTITY_INSERT dbo.Tags ON
GO
INSERT dbo.Tags(Id, Title, IsActive) VALUES (1, N'Tweetputentor', CONVERT(bit, 'True'))
INSERT dbo.Tags(Id, Title, IsActive) VALUES (2, N'Armwoofer', CONVERT(bit, 'True'))
INSERT dbo.Tags(Id, Title, IsActive) VALUES (3, N'Speaknior', CONVERT(bit, 'True'))
INSERT dbo.Tags(Id, Title, IsActive) VALUES (4, N'Readlifier', CONVERT(bit, 'True'))
INSERT dbo.Tags(Id, Title, IsActive) VALUES (5, N'Relictator', CONVERT(bit, 'True'))
INSERT dbo.Tags(Id, Title, IsActive) VALUES (6, N'Cablifiader', CONVERT(bit, 'True'))
INSERT dbo.Tags(Id, Title, IsActive) VALUES (7, N'Subcordar', CONVERT(bit, 'True'))
INSERT dbo.Tags(Id, Title, IsActive) VALUES (8, N'Playfindeplet', CONVERT(bit, 'True'))
INSERT dbo.Tags(Id, Title, IsActive) VALUES (9, N'Monotinator', CONVERT(bit, 'True'))
INSERT dbo.Tags(Id, Title, IsActive) VALUES (10, N'Monlifigaer', CONVERT(bit, 'True'))
INSERT dbo.Tags(Id, Title, IsActive) VALUES (11, N'Tabtopedentor', CONVERT(bit, 'True'))
INSERT dbo.Tags(Id, Title, IsActive) VALUES (12, N'Conplottridge', CONVERT(bit, 'True'))
INSERT dbo.Tags(Id, Title, IsActive) VALUES (13, N'Suptalet', CONVERT(bit, 'True'))
INSERT dbo.Tags(Id, Title, IsActive) VALUES (14, N'Playtingaer', CONVERT(bit, 'True'))
INSERT dbo.Tags(Id, Title, IsActive) VALUES (15, N'Readculor', CONVERT(bit, 'True'))
INSERT dbo.Tags(Id, Title, IsActive) VALUES (16, N'Transpickoner', CONVERT(bit, 'True'))
INSERT dbo.Tags(Id, Title, IsActive) VALUES (17, N'Comtinpler', CONVERT(bit, 'True'))
INSERT dbo.Tags(Id, Title, IsActive) VALUES (18, N'Conmutoner', CONVERT(bit, 'True'))
INSERT dbo.Tags(Id, Title, IsActive) VALUES (19, N'Biplottar', CONVERT(bit, 'True'))
INSERT dbo.Tags(Id, Title, IsActive) VALUES (20, N'Micputentor', CONVERT(bit, 'True'))
INSERT dbo.Tags(Id, Title, IsActive) VALUES (21, N'Micplottor', CONVERT(bit, 'True'))
INSERT dbo.Tags(Id, Title, IsActive) VALUES (22, N'Cleanmutphone', CONVERT(bit, 'True'))
INSERT dbo.Tags(Id, Title, IsActive) VALUES (23, N'Moncorder', CONVERT(bit, 'False'))
INSERT dbo.Tags(Id, Title, IsActive) VALUES (24, N'Ampputer', CONVERT(bit, 'True'))
INSERT dbo.Tags(Id, Title, IsActive) VALUES (25, N'Antectra', CONVERT(bit, 'True'))
INSERT dbo.Tags(Id, Title, IsActive) VALUES (26, N'Moncessscope', CONVERT(bit, 'True'))
INSERT dbo.Tags(Id, Title, IsActive) VALUES (27, N'Comceivader', CONVERT(bit, 'True'))
INSERT dbo.Tags(Id, Title, IsActive) VALUES (28, N'Anlelet', CONVERT(bit, 'True'))
INSERT dbo.Tags(Id, Title, IsActive) VALUES (29, N'Comtopopon', CONVERT(bit, 'True'))
INSERT dbo.Tags(Id, Title, IsActive) VALUES (30, N'Remutridge', CONVERT(bit, 'True'))
INSERT dbo.Tags(Id, Title, IsActive) VALUES (31, N'Printplottedger', CONVERT(bit, 'True'))
INSERT dbo.Tags(Id, Title, IsActive) VALUES (32, N'Transtellon', CONVERT(bit, 'True'))
INSERT dbo.Tags(Id, Title, IsActive) VALUES (33, N'Armcyclleter', CONVERT(bit, 'True'))
INSERT dbo.Tags(Id, Title, IsActive) VALUES (34, N'Montinlet', CONVERT(bit, 'True'))
INSERT dbo.Tags(Id, Title, IsActive) VALUES (35, N'Comjectphone', CONVERT(bit, 'False'))
INSERT dbo.Tags(Id, Title, IsActive) VALUES (36, N'Cartjectonry', CONVERT(bit, 'True'))
INSERT dbo.Tags(Id, Title, IsActive) VALUES (37, N'Supcordommphone', CONVERT(bit, 'False'))
INSERT dbo.Tags(Id, Title, IsActive) VALUES (38, N'Cleanputletphone', CONVERT(bit, 'True'))
INSERT dbo.Tags(Id, Title, IsActive) VALUES (39, N'Prolictar', CONVERT(bit, 'True'))
INSERT dbo.Tags(Id, Title, IsActive) VALUES (40, N'Sublifientor', CONVERT(bit, 'True'))
INSERT dbo.Tags(Id, Title, IsActive) VALUES (41, N'Reculon', CONVERT(bit, 'False'))
INSERT dbo.Tags(Id, Title, IsActive) VALUES (42, N'Armtopinscope', CONVERT(bit, 'True'))
INSERT dbo.Tags(Id, Title, IsActive) VALUES (43, N'Monlictphone', CONVERT(bit, 'True'))
INSERT dbo.Tags(Id, Title, IsActive) VALUES (44, N'Ancordscope', CONVERT(bit, 'True'))
INSERT dbo.Tags(Id, Title, IsActive) VALUES (45, N'Conceivepphone', CONVERT(bit, 'True'))
INSERT dbo.Tags(Id, Title, IsActive) VALUES (46, N'Speakleentor', CONVERT(bit, 'True'))
INSERT dbo.Tags(Id, Title, IsActive) VALUES (47, N'Reculadry', CONVERT(bit, 'True'))
INSERT dbo.Tags(Id, Title, IsActive) VALUES (48, N'Readbandra', CONVERT(bit, 'True'))
INSERT dbo.Tags(Id, Title, IsActive) VALUES (49, N'Reholdry', CONVERT(bit, 'True'))
INSERT dbo.Tags(Id, Title, IsActive) VALUES (50, N'Stereotinlet', CONVERT(bit, 'True'))
GO
SET IDENTITY_INSERT dbo.Tags OFF
GO

-- 
-- Dumping data for table sysdiagrams
--
PRINT (N'Dumping data for table sysdiagrams')
SET IDENTITY_INSERT dbo.sysdiagrams ON
GO
EXEC(N'INSERT dbo.sysdiagrams(name, principal_id, diagram_id, version, definition) VALUES (N''Diagram_0'', 1, 1, 1, 0xD0CF11E0A1B11AE1000000000000000000000000000000003E000300FEFF0900060000000000000000000000010000000100000000000000001000004200000001000000FEFFFFFF0000000000000000FFFFFFFFFFFFFFFFFFFFFFFFFFFFFFFFFFFFFFFFFFFFFFFFFFFFFFFFFFFFFFFFFFFFFFFFFFFFFFFFFFFFFFFFFFFFFFFFFFFFFFFFFFFFFFFFFFFFFFFFFFFFFFFFFFFFFFFFFFFFFFFFFFFFFFFFFFFFFFFFFFFFFFFFFFFFFFFFFFFFFFFFFFFFFFFFFFFFFFFFFFFFFFFFFFFFFFFFFFFFFFFFFFFFFFFFFFFFFFFFFFFFFFFFFFFFFFFFFFFFFFFFFFFFFFFFFFFFFFFFFFFFFFFFFFFFFFFFFFFFFFFFFFFFFFFFFFFFFFFFFFFFFFFFFFFFFFFFFFFFFFFFFFFFFFFFFFFFFFFFFFFFFFFFFFFFFFFFFFFFFFFFFFFFFFFFFFFFFFFFFFFFFFFFFFFFFFFFFFFFFFFFFFFFFFFFFFFFFFFFFFFFFFFFFFFFFFFFFFFFFFFFFFFFFFFFFFFFFFFFFFFFFFFFFFFFFFFFFFFFFFFFFFFFFFFFFFFFFFFFFFFFFFFFFFFFFFFFFFFFFFFFFFFFFFFFFFFFFFFFFFFFFFFFFFFFFFFFFFFFFFFFFFFFFFFFFFFFFFFFFFFFFFFFFFFFFFFFFFFFFFFFFFFFFFFFFFFFFFFFFFFFFFFFFFFFFFFFFFFFFFFFFFFFFFFFFFFFFFFFFFFFFFFFFFFFFFFFFFFFFFFFFFFFFFFFFFFFFFFFFFFFFFFFFFFFFFFFFFFFFFFFFFFFFFFFFFFFFFFFFFFFFFFFFFFFFFFFFFFFFFFFFFFFFFFFFFFFFFFFFFFFFFFFFFFFFFFFFFFFFFFFFFFFFFFFFFFFFFFFFFFFFFFFFFFFFFFFFFFFFFFFFDFFFFFF45000000030000000400000005000000060000000700000008000000090000000A0000000B0000000C0000000D0000000E0000000F000000100000001100000012000000130000001400000015000000160000001700000018000000190000001A0000001B0000001C0000001D0000001E0000001F000000200000002100000022000000230000002400000025000000260000002700000028000000290000002A0000002B0000002C0000002D0000002E0000002F000000300000003100000032000000330000003400000035000000360000003700000038000000390000003A0000003B0000003C0000003D0000003E0000003F0000004000000041000000FEFFFFFFFEFFFFFF4400000046000000FEFFFFFFFEFFFFFFFFFFFFFFFFFFFFFFFFFFFFFFFFFFFFFFFFFFFFFFFFFFFFFFFFFFFFFFFFFFFFFFFFFFFFFFFFFFFFFFFFFFFFFFFFFFFFFFFFFFFFFFFFFFFFFFFFFFFFFFFFFFFFFFFFFFFFFFFFFFFFFFFFFFFFFFFFFFFFFFFFFFFFFFFFFFFFFFFFFFFFFFFFFFFFFFFFFFFFFFFFFFFFFFFFFFFFFFFFFFFFFFFFFFFFFFFFFFFFFFFFFFFFFFFFFFFFFFFFFFFFFFFFFFFFFFFFFFFFFFFFFFFFFFFFFFFFFFFFFFFFFFFFFFFFFFFFFFFFFFFFFFFFFFFFFFFFFFFFFFFFFFFFFFFFFFFFFFFFFFFFFFFFFFFFFFFFFFFFFFFFFFFFFFFFFFFFFFFFFFFFFFFFFFFFFFFFFFFFFFFFFFFFFFFFFFFFFFFFFFFFFFFFFFFFFFFFFF52006F006F007400200045006E00740072007900000000000000000000000000000000000000000000000000000000000000000000000000000000000000000016000500FFFFFFFFFFFFFFFF020000000000000000000000000000000000000000000000000000000000000030FEFE6C7E48D90143000000400400000000000044006400730058004D004C00530074007200650061006D00000000000000000000000000000000000000000000000000000000000000000000000000000000001A000201FFFFFFFFFFFFFFFFFFFFFFFF000000000000000000000000000000000000000000000000000000000000000000000000020000009B7F00000000000053006300680065006D00610020005500440056002000440065006600610075006C00740000000000000000000000000000000000000000000000000000000000260002010100000003000000FFFFFFFF000000000000000000000000000000000000000000000000000000000000000000000000000000001600000000000000440053005200450046002D0053004300480045004D0041002D0043004F004E00540045004E0054005300000000000000000000000000000000000000000000002C000201FFFFFFFF04000000FFFFFFFF00000000000000000000000000000000000000000000000000000000000000000000000001000000BE030000000000003C6464733E3C6469616772616D20666F6E74636C7369643D227B37374432433932442D373737392D313144382D393037302D3030303635423834304439437D22206D6F75736569636F6E636C7369643D227B30424533353230342D384639312D313143452D394445332D3030414130303442423835317D222064656661756C746C61796F75743D224D534444532E52656374696C696E656172222064656661756C746C696E65726F7574653D224D534444532E52656374696C696E656172222076657273696F6E3D223722206E6578746F626A6563743D22323222207363616C653D22313030222070616765627265616B616E63686F72783D2230222070616765627265616B616E63686F72793D2230222070616765627265616B73697A65783D2230222070616765627265616B73697A65793D223022207363726F6C6C6C6566743D223339363522207363726F6C6C746F703D2230222067726964783D22313530222067726964793D2231353022206D617267696E783D223530303022206D617267696E793D223530303022207A6F6F6D3D223130302'
+ N'220783D2232363038382220793D22313530323822206261636B636F6C6F723D222D32313437343833363433222064656661756C7470657273697374656E63653D223322205072696E74506167654E756D626572734D6F64653D223322205072696E744D617267696E546F703D223022205072696E744D617267696E426F74746F6D3D2236333522205072696E744D617267696E4C6566743D223022205072696E744D617267696E52696768743D223022206D61727175656573656C656374696F6E6D6F64653D223122206D6F757365706F696E7465723D22302220736E6170746F677269643D223122206175746F74797065616E6E6F746174696F6E3D2231222073686F777363726F6C6C626172733D223122207669657770616765627265616B733D22302220646F6E6F74666F726365636F6E6E6563746F7273626568696E647368617065733D2231223E3C666F6E743E3C646473786D6C6F626A65637473747265616D777261707065722062696E6172793D22303030303038303033303030303030303030303230303030222F3E3C2F666F6E743E3C6D6F75736569636F6E3E3C646473786D6C6F626A65637473747265616D777261707065722062696E6172793D2236633734303030303030303030303030222F3E3C2F6D6F75736569636F6E3E3C2F6469616772616D3E3C6C61796F75746D616E616765723E3C646473786D6C6F626A3E3C70726F7065727479206E616D653D227363685F6C6162656C735F76697369626C65222076616C75653D22302220766172747970653D223131222F3E3C2F646473786D6C6F626A3E3C2F6C61796F75746D616E616765723E3C646473636F6E74726F6C20636F6E74726F6C70726F6769643D227B36323341433037352D324337372D343837332D383833442D3933304234333634423442437D2220746F6F6C7469703D2243617465676F7269657322206C6566743D2231323435302220746F703D2237353022206C6F676963616C69643D22312220636F6E74726F6C69643D223122206D617374657269643D2230222068696E74313D2230222068696E74323D2230222077696474683D223537363822206865696768743D223330393622206E6F726573697A653D223022206E6F6D6F76653D223022206E6F64656661756C74617474616368706F696E74733D223022206175746F647261673D2230222075736564656661756C7469646473686170653D2230222073656C65637461626C653D2231222073686F7773656C656374696F6E68616E646C65733D22302220616C6C6F776E756467696E673D223122206973616E6E6F746174696F6E3D22302220646F6E746175746F6C61796F75743D2230222067726F7570636F6C6C61707365643D2230222074616273746F703D2231222076697369626C653D22312220736E6170746F677269643D2231223E3C636F6E74726F6C3E3C646473786D6C6F626A65637473747265616D696E6974777261707065722062696E6172793D2232313433333431323038303030303030383831363030303031383063303030303738353633343132303730303030303031343031303030303433303036313030373430303635303036373030366630303732303036393030363530303733303030303030346633666437643635363366653665353635336630303030383033663030303038303366643063663466336664376436353633666536653536353366303030303830336630643030303030303033303030303030303330303030303030343030303030303038303030303030643330303030303030303030303030303064303030303030303430303030303030333030303030303034303030303030303430303030303064333030303030303030303030303030306430303030303030303030303030303030303030303030303130303030303030343030303030306433303030303030306430303030303033643030303030303031303030303030303030303030303030333030303030303034303030303030643330303030303030643030303030303430303030303030303330303030303030333030303030303035303030303030306330303030303064333030303030303064303030303030346230303030303030323030303030303033303030303030303530303030303031303030303030306433303030303030306430303030303034623030303030303034303030303030303330303030303030353030303030303030303030303030303030303030303030313030303030303035303030303030353430303030303032633030303030303263303030303030326330303030303033343030303030303030303030303030303030303030303032323239303030303635313530303030303030303030303032643031303030303037303030303030306330303030303030373030303030303163303130303030303630393030303036323037303030303438303330303030316130343030303064663032303030306563303430303030323730363030303062313033303030303237303630303030636230373030303035353035303030303030303030303030303130303030303038383136303030303138306330303030303030303030303030333030303030303033303030303030303230303030303030323030303030303163303130303030663530613030303030303030303030303031303030303030333931333030303037613035303030303030303030303030'
+ N'3031303030303030303130303030303030323030303030303032303030303030316330313030303030363039303030303031303030303030303030303030303033393133303030303334303330303030303030303030303030303030303030303030303030303030303230303030303030323030303030303163303130303030303630393030303030303030303030303030303030303030643133313030303030393233303030303030303030303030303030303030303030643030303030303034303030303030303430303030303031633031303030303036303930303030616130613030303039303036303030303738353633343132303430303030303035653030303030303031303030303030303130303030303030623030303030303030303030303030303130303030303030323030303030303033303030303030303430303030303030353030303030303036303030303030303730303030303030383030303030303039303030303030306130303030303030343030303030303634303036323030366630303030303030623030303030303433303036313030373430303635303036373030366630303732303036393030363530303733303030303030222F3E3C2F636F6E74726F6C3E3C6C61796F75746F626A6563743E3C646473786D6C6F626A3E3C70726F7065727479206E616D653D224163746976655461626C65566965774D6F6465222076616C75653D22312220766172747970653D2238222F3E3C70726F7065727479206E616D653D225461626C65566965774D6F64653A30222076616C75653D22342C302C3238342C302C323331302C312C313839302C352C313236302220766172747970653D2238222F3E3C70726F7065727479206E616D653D225461626C65566965774D6F64653A31222076616C75653D22322C302C3238342C302C323830352220766172747970653D2238222F3E3C70726F7065727479206E616D653D225461626C65566965774D6F64653A32222076616C75653D22322C302C3238342C302C323331302220766172747970653D2238222F3E3C70726F7065727479206E616D653D225461626C65566965774D6F64653A33222076616C75653D22322C302C3238342C302C323331302220766172747970653D2238222F3E3C70726F7065727479206E616D653D225461626C65566965774D6F64653A34222076616C75653D22342C302C3238342C302C323331302C31322C323733302C31312C313638302220766172747970653D2238222F3E3C2F646473786D6C6F626A3E3C2F6C61796F75746F626A6563743E3C73686170652067726F7570736861706569643D2230222067726F75706E6F64653D2230222F3E3C2F646473636F6E74726F6C3E3C646473636F6E74726F6C20636F6E74726F6C70726F6769643D227B36323341433037352D324337372D343837332D383833442D3933304234333634423442437D2220746F6F6C7469703D22506F737443617465676F7269657322206C6566743D2231323435302220746F703D223633303022206C6F676963616C69643D22322220636F6E74726F6C69643D223222206D617374657269643D2230222068696E74313D2230222068696E74323D2230222077696474683D223537363822206865696768743D223234363122206E6F726573697A653D223022206E6F6D6F76653D223022206E6F64656661756C74617474616368706F696E74733D223022206175746F647261673D2230222075736564656661756C7469646473686170653D2230222073656C65637461626C653D2231222073686F7773656C656374696F6E68616E646C65733D22302220616C6C6F776E756467696E673D223122206973616E6E6F746174696F6E3D22302220646F6E746175746F6C61796F75743D2230222067726F7570636F6C6C61707365643D2230222074616273746F703D2231222076697369626C653D22312220736E6170746F677269643D2231223E3C636F6E74726F6C3E3C646473786D6C6F626A65637473747265616D696E6974777261707065722062696E6172793D2232313433333431323038303030303030383831363030303039643039303030303738353633343132303730303030303031343031303030303530303036663030373330303734303034333030363130303734303036353030363730303666303037323030363930303635303037333030303030303030303030333030303030303033303030303030303530303030303066306666666666663338303330303030313030313030303061353031303030303034303030303030303030303030303030373030303030306630666666666666333830333030303061393031303030306531303230303030303330303030303030333030303030303035303030303030663066666666666633383033303030303332303230303030663330323030303030353030303030303030303030303030303730303030303066306666666666663338303330303030313630303030303030323033303030303030303030303030303030303030303030363030303030306630666666666666333830333030303066363032303030303032303330303030303330303030303030333030303030303035303030303030663066666666666633383033303030303162303330303030323830333030303030313030303030303030303030303030303630303030303066306666666666663338303330303030663030303030303'
+ N'032613033303030303036303030303030303330303030303030353030303030303030303030303030303030303030303030313030303030303035303030303030353430303030303032633030303030303263303030303030326330303030303033343030303030303030303030303030303030303030303032323239303030303635313530303030303030303030303032643031303030303037303030303030306330303030303030373030303030303163303130303030303630393030303036323037303030303438303330303030316130343030303064663032303030306563303430303030323730363030303062313033303030303237303630303030636230373030303035353035303030303030303030303030303130303030303038383136303030303964303930303030303030303030303030323030303030303032303030303030303230303030303030323030303030303163303130303030663530613030303030303030303030303031303030303030333931333030303063303037303030303030303030303030303230303030303030323030303030303032303030303030303230303030303031633031303030303036303930303030303130303030303030303030303030303339313330303030333430333030303030303030303030303030303030303030303030303030303030323030303030303032303030303030316330313030303030363039303030303030303030303030303030303030303064313331303030303039323330303030303030303030303030303030303030303064303030303030303430303030303030343030303030303163303130303030303630393030303061613061303030303930303630303030373835363334313230343030303030303636303030303030303130303030303030313030303030303062303030303030303030303030303030313030303030303032303030303030303330303030303030343030303030303035303030303030303630303030303030373030303030303038303030303030303930303030303030613030303030303034303030303030363430303632303036663030303030303066303030303030353030303666303037333030373430303433303036313030373430303635303036373030366630303732303036393030363530303733303030303030222F3E3C2F636F6E74726F6C3E3C6C61796F75746F626A6563743E3C646473786D6C6F626A3E3C70726F7065727479206E616D653D224163746976655461626C65566965774D6F6465222076616C75653D22312220766172747970653D2238222F3E3C70726F7065727479206E616D653D225461626C65566965774D6F64653A30222076616C75653D22342C302C3238342C302C323331302C312C313839302C352C313236302220766172747970653D2238222F3E3C70726F7065727479206E616D653D225461626C65566965774D6F64653A31222076616C75653D22322C302C3238342C302C323830352220766172747970653D2238222F3E3C70726F7065727479206E616D653D225461626C65566965774D6F64653A32222076616C75653D22322C302C3238342C302C323331302220766172747970653D2238222F3E3C70726F7065727479206E616D653D225461626C65566965774D6F64653A33222076616C75653D22322C302C3238342C302C323331302220766172747970653D2238222F3E3C70726F7065727479206E616D653D225461626C65566965774D6F64653A34222076616C75653D22342C302C3238342C302C323331302C31322C323733302C31312C313638302220766172747970653D2238222F3E3C2F646473786D6C6F626A3E3C2F6C61796F75746F626A6563743E3C73686170652067726F7570736861706569643D2230222067726F75706E6F64653D2230222F3E3C2F646473636F6E74726F6C3E3C646473636F6E74726F6C20636F6E74726F6C70726F6769643D227B36323341433037352D324337372D343837332D383833442D3933304234333634423442437D2220746F6F6C7469703D22506F7374436F6D6D656E747322206C6566743D2231323435302220746F703D22323137353022206C6F676963616C69643D22332220636F6E74726F6C69643D223322206D617374657269643D2230222068696E74313D2230222068696E74323D2230222077696474683D223537363822206865696768743D223536333622206E6F726573697A653D223022206E6F6D6F76653D223022206E6F64656661756C74617474616368706F696E74733D223022206175746F647261673D2230222075736564656661756C7469646473686170653D2230222073656C65637461626C653D2231222073686F7773656C656374696F6E68616E646C65733D22302220616C6C6F776E756467696E673D223122206973616E6E6F746174696F6E3D22302220646F6E746175746F6C61796F75743D2230222067726F7570636F6C6C61707365643D2230222074616273746F703D2231222076697369626C653D22312220736E6170746F677269643D2231223E3C636F6E74726F6C3E3C646473786D6C6F626A65637473747265616D696E6974777261707065722062696E6172793D2232313433333431323038303030303030383831363030303030343136303030303738353633343132303730303030303031343031303030303530303036663030373330303734303034333030366630303664303036643030'
+ N'36353030366530303734303037333030303030303536336665366535363533663030303038303366303030303830336664306366346633666437643635363366653665353635336630303030383033663039303030303030303330303030303030333030303030303034303030303030303430303030303035343030303030303030303030303030303930303030303030303030303030303030303030303030303130303030303030343030303030303534303030303030303930303030303032343030303030303031303030303030303030303030303030363030303030303034303030303030353430303030303030393030303030303234303030303030303030303030303030303030303030303037303030303030303430303030303035343030303030303039303030303030323430303030303030333030303030303033303030303030303530303030303030383030303030303534303030303030303930303030303032373030303030303032303030303030303330303030303030353030303030303063303030303030353430303030303033363030303030303339303030303030303330303030303030333030303030303035303030303030303030303030303030303030303030303031303030303030303530303030303035343030303030303263303030303030326330303030303032633030303030303334303030303030303030303030303030303030303030303232323930303030663131393030303030303030303030303264303130303030303930303030303030633030303030303037303030303030316330313030303030363039303030303632303730303030343830333030303031613034303030306466303230303030656330343030303032373036303030306231303330303030323730363030303063623037303030303535303530303030303030303030303030313030303030303838313630303030303431363030303030303030303030303037303030303030303730303030303030323030303030303032303030303030316330313030303066353061303030303030303030303030303130303030303033393133303030303761303530303030303030303030303030313030303030303031303030303030303230303030303030323030303030303163303130303030303630393030303030313030303030303030303030303030333931333030303033343033303030303030303030303030303030303030303030303030303030303032303030303030303230303030303031633031303030303036303930303030303030303030303030303030303030306431333130303030303932333030303030303030303030303030303030303030306430303030303030343030303030303034303030303030316330313030303030363039303030306161306130303030393030363030303037383536333431323034303030303030363230303030303030313030303030303031303030303030306230303030303030303030303030303031303030303030303230303030303030333030303030303034303030303030303530303030303030363030303030303037303030303030303830303030303030393030303030303061303030303030303430303030303036343030363230303666303030303030306430303030303035303030366630303733303037343030343330303666303036643030366430303635303036653030373430303733303030303030222F3E3C2F636F6E74726F6C3E3C6C61796F75746F626A6563743E3C646473786D6C6F626A3E3C70726F7065727479206E616D653D224163746976655461626C65566965774D6F6465222076616C75653D22312220766172747970653D2238222F3E3C70726F7065727479206E616D653D225461626C65566965774D6F64653A30222076616C75653D22342C302C3238342C302C323331302C312C313839302C352C313236302220766172747970653D2238222F3E3C70726F7065727479206E616D653D225461626C65566965774D6F64653A31222076616C75653D22322C302C3238342C302C323830352220766172747970653D2238222F3E3C70726F7065727479206E616D653D225461626C65566965774D6F64653A32222076616C75653D22322C302C3238342C302C323331302220766172747970653D2238222F3E3C70726F7065727479206E616D653D225461626C65566965774D6F64653A33222076616C75653D22322C302C3238342C302C323331302220766172747970653D2238222F3E3C70726F7065727479206E616D653D225461626C65566965774D6F64653A34222076616C75653D22342C302C3238342C302C323331302C31322C323733302C31312C313638302220766172747970653D2238222F3E3C2F646473786D6C6F626A3E3C2F6C61796F75746F626A6563743E3C73686170652067726F7570736861706569643D2230222067726F75706E6F64653D2230222F3E3C2F646473636F6E74726F6C3E3C646473636F6E74726F6C20636F6E74726F6C70726F6769643D227B36323341433037352D324337372D343837332D383833442D3933304234333634423442437D2220746F6F6C7469703D22506F737452656C61746564506F73747322206C6566743D2232303730302220746F703D22313339353022206C6F676963616C69643D22342220636F6E74726F6C69643D223422206D617374657269643D2230222068696E74313D22302'
+ N'22068696E74323D2230222077696474683D223537363822206865696768743D223234363122206E6F726573697A653D223022206E6F6D6F76653D223022206E6F64656661756C74617474616368706F696E74733D223022206175746F647261673D2230222075736564656661756C7469646473686170653D2230222073656C65637461626C653D2231222073686F7773656C656374696F6E68616E646C65733D22302220616C6C6F776E756467696E673D223122206973616E6E6F746174696F6E3D22302220646F6E746175746F6C61796F75743D2230222067726F7570636F6C6C61707365643D2230222074616273746F703D2231222076697369626C653D22312220736E6170746F677269643D2231223E3C636F6E74726F6C3E3C646473786D6C6F626A65637473747265616D696E6974777261707065722062696E6172793D22323134333334313230383030303030303838313630303030396430393030303037383536333431323037303030303030313430313030303035303030366630303733303037343030353230303635303036633030363130303734303036353030363430303530303036663030373330303734303037333030303030303830336630303030383033666437643635363366646364623562336665616539363933663030303038303366303064303736366230303130303030303036303030303030303030303030303034346437373636623032303030303030303030303030303030303030303030303030313030393030303030303030303066666666666666663030303030303030343330303361303035633030353030303732303036663030363730303732303036313030366430303230303034363030363930303663303036353030373330303230303032383030373830303338303033363030323930303563303034643030363930303633303037323030366630303733303036663030363630303734303032303030353330303531303034633030323030303533303036353030373230303736303036353030373230303230303034643030363130303665303036313030363730303635303036643030363530303665303037343030323030303533303037343030373530303634303036393030366630303230303033313030333830303563303034333030366630303030303030303030303030303030303030303030303130303030303030353030303030303534303030303030326330303030303032633030303030303263303030303030333430303030303030303030303030303030303030303030323232393030303036353135303030303030303030303030326430313030303030373030303030303063303030303030303730303030303031633031303030303036303930303030363230373030303034383033303030303161303430303030646630323030303065633034303030303237303630303030623130333030303032373036303030306362303730303030353530353030303030303030303030303031303030303030383831363030303039643039303030303030303030303030303230303030303030323030303030303032303030303030303230303030303031633031303030306635306130303030303030303030303030313030303030303339313330303030633030373030303030303030303030303032303030303030303230303030303030323030303030303032303030303030316330313030303030363039303030303031303030303030303030303030303033393133303030303334303330303030303030303030303030303030303030303030303030303030303230303030303030323030303030303163303130303030303630393030303030303030303030303030303030303030643133313030303030393233303030303030303030303030303030303030303030643030303030303034303030303030303430303030303031633031303030303036303930303030616130613030303039303036303030303738353633343132303430303030303036613030303030303031303030303030303130303030303030623030303030303030303030303030303130303030303030323030303030303033303030303030303430303030303030353030303030303036303030303030303730303030303030383030303030303039303030303030306130303030303030343030303030303634303036323030366630303030303031313030303030303530303036663030373330303734303035323030363530303663303036313030373430303635303036343030353030303666303037333030373430303733303030303030222F3E3C2F636F6E74726F6C3E3C6C61796F75746F626A6563743E3C646473786D6C6F626A3E3C70726F7065727479206E616D653D224163746976655461626C65566965774D6F6465222076616C75653D22312220766172747970653D2238222F3E3C70726F7065727479206E616D653D225461626C65566965774D6F64653A30222076616C75653D22342C302C3238342C302C323331302C312C313839302C352C313236302220766172747970653D2238222F3E3C70726F7065727479206E616D653D225461626C65566965774D6F64653A31222076616C75653D22322C302C3238342C302C323830352220766172747970653D2238222F3E3C70726F7065727479206E616D653D225461626C65566965774D6F64653A32222076616C75653D22322C30'
+ N'2C3238342C302C323331302220766172747970653D2238222F3E3C70726F7065727479206E616D653D225461626C65566965774D6F64653A33222076616C75653D22322C302C3238342C302C323331302220766172747970653D2238222F3E3C70726F7065727479206E616D653D225461626C65566965774D6F64653A34222076616C75653D22342C302C3238342C302C323331302C31322C323733302C31312C313638302220766172747970653D2238222F3E3C2F646473786D6C6F626A3E3C2F6C61796F75746F626A6563743E3C73686170652067726F7570736861706569643D2230222067726F75706E6F64653D2230222F3E3C2F646473636F6E74726F6C3E3C646473636F6E74726F6C20636F6E74726F6C70726F6769643D227B36323341433037352D324337372D343837332D383833442D3933304234333634423442437D2220746F6F6C7469703D22506F73747322206C6566743D2231323435302220746F703D22313131303022206C6F676963616C69643D22352220636F6E74726F6C69643D223522206D617374657269643D2230222068696E74313D2230222068696E74323D2230222077696474683D223537363822206865696768743D223831373622206E6F726573697A653D223022206E6F6D6F76653D223022206E6F64656661756C74617474616368706F696E74733D223022206175746F647261673D2230222075736564656661756C7469646473686170653D2230222073656C65637461626C653D2231222073686F7773656C656374696F6E68616E646C65733D22302220616C6C6F776E756467696E673D223122206973616E6E6F746174696F6E3D22302220646F6E746175746F6C61796F75743D2230222067726F7570636F6C6C61707365643D2230222074616273746F703D2231222076697369626C653D22312220736E6170746F677269643D2231223E3C636F6E74726F6C3E3C646473786D6C6F626A65637473747265616D696E6974777261707065722062696E6172793D2232313433333431323038303030303030383831363030303066303166303030303738353633343132303730303030303031343031303030303530303036663030373330303734303037333030303030303433303033613030326630303530303037323030366630303637303037323030363130303664303032303030343630303639303036633030363530303733303032303030323830303738303033383030333630303239303032663030346430303639303036333030373230303666303037333030366630303636303037343030323030303533303035313030346330303230303035333030363530303732303037363030363530303732303032303030346430303631303036653030363130303637303036353030366430303635303036653030373430303230303035333030373430303735303036343030363930303666303032303030333130303338303032663030343330303666303036643030366430303666303036653030333730303266303034393030343430303435303032663030343330303666303036643030366430303666303036653030343530303738303037343030363530303665303037333030363930303666303036653030373330303266303035303030366330303631303037343030363630303666303037323030366430303266303034343030363530303632303037353030363730303637303036353030373230303266303034643030303030303030303030303030303030303030303030313030303030303035303030303030353430303030303032633030303030303263303030303030326330303030303033343030303030303030303030303030303030303030303032323239303030303039323330303030303030303030303032643031303030303064303030303030306330303030303030373030303030303163303130303030303630393030303036323037303030303438303330303030316130343030303064663032303030306563303430303030323730363030303062313033303030303237303630303030636230373030303035353035303030303030303030303030303130303030303038383136303030306630316630303030303030303030303030623030303030303062303030303030303230303030303030323030303030303163303130303030663530613030303030303030303030303031303030303030333931333030303037613035303030303030303030303030303130303030303030313030303030303032303030303030303230303030303031633031303030303036303930303030303130303030303030303030303030303339313330303030333430333030303030303030303030303030303030303030303030303030303030323030303030303032303030303030316330313030303030363039303030303030303030303030303030303030303064313331303030303039323330303030303030303030303030303030303030303064303030303030303430303030303030343030303030303163303130303030303630393030303061613061303030303930303630303030373835363334313230343030303030303534303030303030303130303030303030313030303030303062303030303030303030303030303030313030303030303032303030303030303330303030303030343030303030303035303030303030303630303030303030373030303030303'
+ N'038303030303030303930303030303030613030303030303034303030303030363430303632303036663030303030303036303030303030353030303666303037333030373430303733303030303030222F3E3C2F636F6E74726F6C3E3C6C61796F75746F626A6563743E3C646473786D6C6F626A3E3C70726F7065727479206E616D653D224163746976655461626C65566965774D6F6465222076616C75653D22312220766172747970653D2238222F3E3C70726F7065727479206E616D653D225461626C65566965774D6F64653A30222076616C75653D22342C302C3238342C302C323331302C312C313839302C352C313236302220766172747970653D2238222F3E3C70726F7065727479206E616D653D225461626C65566965774D6F64653A31222076616C75653D22322C302C3238342C302C323830352220766172747970653D2238222F3E3C70726F7065727479206E616D653D225461626C65566965774D6F64653A32222076616C75653D22322C302C3238342C302C323331302220766172747970653D2238222F3E3C70726F7065727479206E616D653D225461626C65566965774D6F64653A33222076616C75653D22322C302C3238342C302C323331302220766172747970653D2238222F3E3C70726F7065727479206E616D653D225461626C65566965774D6F64653A34222076616C75653D22342C302C3238342C302C323331302C31322C323733302C31312C313638302220766172747970653D2238222F3E3C2F646473786D6C6F626A3E3C2F6C61796F75746F626A6563743E3C73686170652067726F7570736861706569643D2230222067726F75706E6F64653D2230222F3E3C2F646473636F6E74726F6C3E3C646473636F6E74726F6C20636F6E74726F6C70726F6769643D227B36323341433037352D324337372D343837332D383833442D3933304234333634423442437D2220746F6F6C7469703D22506F73745461677322206C6566743D22343335302220746F703D22313636353022206C6F676963616C69643D22362220636F6E74726F6C69643D223622206D617374657269643D2230222068696E74313D2230222068696E74323D2230222077696474683D223537363822206865696768743D223234363122206E6F726573697A653D223022206E6F6D6F76653D223022206E6F64656661756C74617474616368706F696E74733D223022206175746F647261673D2230222075736564656661756C7469646473686170653D2230222073656C65637461626C653D2231222073686F7773656C656374696F6E68616E646C65733D22302220616C6C6F776E756467696E673D223122206973616E6E6F746174696F6E3D22302220646F6E746175746F6C61796F75743D2230222067726F7570636F6C6C61707365643D2230222074616273746F703D2231222076697369626C653D22312220736E6170746F677269643D2231223E3C636F6E74726F6C3E3C646473786D6C6F626A65637473747265616D696E6974777261707065722062696E6172793D22323134333334313230383030303030303838313630303030396430393030303037383536333431323037303030303030313430313030303035303030366630303733303037343030353430303631303036373030373330303030303030653034353730303030303030303030303030303039303030303030303230303030303030333030303030303034303030303030313030303030303035373030303030303030303030303030303930303030303030333030303030303033303030303030303430303030303030633030303030303537303030303030303030303030303030393030303030303034303030303030303330303030303030343030303030303038303030303030353730303030303030303030303030303039303030303030303530303030303030333030303030303034303030303030303430303030303035373030303030303030303030303030303930303030303030303030303030303030303030303030303130303030303030343030303030303537303030303030303930303030303030633030303030303033303030303030303330303030303030353030303030303130303030303030353730303030303030393030303030303066303030303030303430303030303030333030303030303035303030303030306330303030303035373030303030303039303030303030313730303030303030353030303030303033303030303030303530303030303030303030303030303030303030303030303130303030303030353030303030303534303030303030326330303030303032633030303030303263303030303030333430303030303030303030303030303030303030303030323232393030303036353135303030303030303030303030326430313030303030373030303030303063303030303030303730303030303031633031303030303036303930303030363230373030303034383033303030303161303430303030646630323030303065633034303030303237303630303030623130333030303032373036303030306362303730303030353530353030303030303030303030303031303030303030383831363030303039643039303030303030303030303030303230303030303030323030303030303032303030303030303230303030303031633031303030306635306130303030303030303030303030313030303030303339'
+ N'31333030303063303037303030303030303030303030303230303030303030323030303030303032303030303030303230303030303031633031303030303036303930303030303130303030303030303030303030303339313330303030333430333030303030303030303030303030303030303030303030303030303030323030303030303032303030303030316330313030303030363039303030303030303030303030303030303030303064313331303030303039323330303030303030303030303030303030303030303064303030303030303430303030303030343030303030303163303130303030303630393030303061613061303030303930303630303030373835363334313230343030303030303561303030303030303130303030303030313030303030303062303030303030303030303030303030313030303030303032303030303030303330303030303030343030303030303035303030303030303630303030303030373030303030303038303030303030303930303030303030613030303030303034303030303030363430303632303036663030303030303039303030303030353030303666303037333030373430303534303036313030363730303733303030303030222F3E3C2F636F6E74726F6C3E3C6C61796F75746F626A6563743E3C646473786D6C6F626A3E3C70726F7065727479206E616D653D224163746976655461626C65566965774D6F6465222076616C75653D22312220766172747970653D2238222F3E3C70726F7065727479206E616D653D225461626C65566965774D6F64653A30222076616C75653D22342C302C3238342C302C323331302C312C313839302C352C313236302220766172747970653D2238222F3E3C70726F7065727479206E616D653D225461626C65566965774D6F64653A31222076616C75653D22322C302C3238342C302C323830352220766172747970653D2238222F3E3C70726F7065727479206E616D653D225461626C65566965774D6F64653A32222076616C75653D22322C302C3238342C302C323331302220766172747970653D2238222F3E3C70726F7065727479206E616D653D225461626C65566965774D6F64653A33222076616C75653D22322C302C3238342C302C323331302220766172747970653D2238222F3E3C70726F7065727479206E616D653D225461626C65566965774D6F64653A34222076616C75653D22342C302C3238342C302C323331302C31322C323733302C31312C313638302220766172747970653D2238222F3E3C2F646473786D6C6F626A3E3C2F6C61796F75746F626A6563743E3C73686170652067726F7570736861706569643D2230222067726F75706E6F64653D2230222F3E3C2F646473636F6E74726F6C3E3C646473636F6E74726F6C20636F6E74726F6C70726F6769643D227B36323341433037352D324337372D343837332D383833442D3933304234333634423442437D2220746F6F6C7469703D225461677322206C6566743D22343335302220746F703D22313132353022206C6F676963616C69643D22372220636F6E74726F6C69643D223722206D617374657269643D2230222068696E74313D2230222068696E74323D2230222077696474683D223537363822206865696768743D223330393622206E6F726573697A653D223022206E6F6D6F76653D223022206E6F64656661756C74617474616368706F696E74733D223022206175746F647261673D2230222075736564656661756C7469646473686170653D2230222073656C65637461626C653D2231222073686F7773656C656374696F6E68616E646C65733D22302220616C6C6F776E756467696E673D223122206973616E6E6F746174696F6E3D22302220646F6E746175746F6C61796F75743D2230222067726F7570636F6C6C61707365643D2230222074616273746F703D2231222076697369626C653D22312220736E6170746F677269643D2231223E3C636F6E74726F6C3E3C646473786D6C6F626A65637473747265616D696E6974777261707065722062696E6172793D22323134333334313230383030303030303838313630303030313830633030303037383536333431323037303030303030313430313030303035343030363130303637303037333030303030303030303030303030303030303032303030303030323430303030303030333030303030303032303030303030356630303030303032333030303030303130303030303030363430303030303032383030303030303032303030303030363930303030303032613030303030303032303030303030373130303030303032653030303030303130303030303030373630303030303033333030303030303032303030303030376230303030303033353030303030303130303030303030383030303030303033613030303030303032303030303030383630303030303033643030303030303032303030303030383630303030303033643030303030303132303030303030386330303030303034323030303030303032303030303030393330303030303034613030303030303032303030303030393630303030303034633030303030303130303030303030613430303030303035323030303030303032303030303030643630303030303037313030303030303130303030303030646230303030303037363030303030303032303030303030646630303030303037613030303030303030303'
+ N'030303030653130303030303037623030303030303032303030303030653330303030303030303030303030303030303030303030303130303030303030353030303030303534303030303030326330303030303032633030303030303263303030303030333430303030303030303030303030303030303030303030323232393030303036353135303030303030303030303030326430313030303030373030303030303063303030303030303730303030303031633031303030303036303930303030363230373030303034383033303030303161303430303030646630323030303065633034303030303237303630303030623130333030303032373036303030306362303730303030353530353030303030303030303030303031303030303030383831363030303031383063303030303030303030303030303330303030303030333030303030303032303030303030303230303030303031633031303030306635306130303030303030303030303030313030303030303339313330303030376130353030303030303030303030303031303030303030303130303030303030323030303030303032303030303030316330313030303030363039303030303031303030303030303030303030303033393133303030303334303330303030303030303030303030303030303030303030303030303030303230303030303030323030303030303163303130303030303630393030303030303030303030303030303030303030643133313030303030393233303030303030303030303030303030303030303030643030303030303034303030303030303430303030303031633031303030303036303930303030616130613030303039303036303030303738353633343132303430303030303035323030303030303031303030303030303130303030303030623030303030303030303030303030303130303030303030323030303030303033303030303030303430303030303030353030303030303036303030303030303730303030303030383030303030303039303030303030306130303030303030343030303030303634303036323030366630303030303030353030303030303534303036313030363730303733303030303030222F3E3C2F636F6E74726F6C3E3C6C61796F75746F626A6563743E3C646473786D6C6F626A3E3C70726F7065727479206E616D653D224163746976655461626C65566965774D6F6465222076616C75653D22312220766172747970653D2238222F3E3C70726F7065727479206E616D653D225461626C65566965774D6F64653A30222076616C75653D22342C302C3238342C302C323331302C312C313839302C352C313236302220766172747970653D2238222F3E3C70726F7065727479206E616D653D225461626C65566965774D6F64653A31222076616C75653D22322C302C3238342C302C323830352220766172747970653D2238222F3E3C70726F7065727479206E616D653D225461626C65566965774D6F64653A32222076616C75653D22322C302C3238342C302C323331302220766172747970653D2238222F3E3C70726F7065727479206E616D653D225461626C65566965774D6F64653A33222076616C75653D22322C302C3238342C302C323331302220766172747970653D2238222F3E3C70726F7065727479206E616D653D225461626C65566965774D6F64653A34222076616C75653D22342C302C3238342C302C323331302C31322C323733302C31312C313638302220766172747970653D2238222F3E3C2F646473786D6C6F626A3E3C2F6C61796F75746F626A6563743E3C73686170652067726F7570736861706569643D2230222067726F75706E6F64653D2230222F3E3C2F646473636F6E74726F6C3E3C646473636F6E74726F6C2073656D616E746963636F6F6B69653D22303130303031303030313030303030303634303036323030366630303030303034363030346230303566303035303030366630303733303037343030353230303635303036633030363130303734303036353030363430303530303036663030373330303734303037333030356630303530303036663030373330303734303037333030303030302220636F6E74726F6C70726F6769643D224D534444532E506F6C796C696E652E3038302E312220746F6F6C7469703D2252656C6174696F6E736869702027464B5F506F737452656C61746564506F7374735F506F73747327206265747765656E2027506F7374732720616E642027506F737452656C61746564506F7374732722206C6566743D2231373931382220746F703D22313437343322206C6F676963616C69643D22382220636F6E74726F6C69643D223822206D617374657269643D2230222068696E74313D2230222068696E74323D2230222077696474683D223330383222206865696768743D2238313522206E6F726573697A653D223022206E6F6D6F76653D223022206E6F64656661756C74617474616368706F696E74733D223122206175746F647261673D2230222075736564656661756C7469646473686170653D2230222073656C65637461626C653D2231222073686F7773656C656374696F6E68616E646C65733D22302220616C6C6F776E756467696E673D223122206973616E6E6F746174696F6E3D22302220646F6E746175746F6C61796F75743D2230222067726F7570636F6C6C61707365643D2230222074616273746F703D22'
+ N'31222076697369626C653D22312220736E6170746F677269643D2230223E3C636F6E74726F6C3E3C646473786D6C6F626A3E3C706F6C796C696E6520656E64747970656473743D22302220656E64747970657372633D2232222075736572636F6C6F723D22313537393033323022206C696E657374796C653D223022206C696E6572656E6465723D22302220637573746F6D656E647479706564737469643D22302220637573746F6D656E647479706573726369643D2230222061646F726E7376697369626C653D2231223E3C61646F726E6D656E742070657263656E74706F733D2235302220636F6E74726F6C69643D2239222077696474683D223338363422206865696768743D223334342220736964653D223022206265686176696F723D2233222068696D65747269633D223132343122206469737466726F6D6C696E653D22313735222073746172746F626A3D22302220783D2231373532372220793D223135333235222076697369626C653D22302220616C6C6F776F7665726C61703D2231222075736570657263656E743D2231222F3E3C2F706F6C796C696E653E3C2F646473786D6C6F626A3E3C2F636F6E74726F6C3E3C6C61796F75746F626A6563743E3C646473786D6C6F626A2F3E3C2F6C61796F75746F626A6563743E3C636F6E6E6563746F7220736F7572636569643D223522206465737469643D22342220736F75726365617474616368706F696E743D22313237222064657374617474616368706F696E743D22383822207365676D656E74656469746D6F64653D2230222062656E64706F696E74656469746D6F64653D2230222062656E64706F696E747669736962696C6974793D2230222072656C6174656469643D223022207669727475616C3D2230223E3C706F696E7420783D2231383231382220793D223135313530222F3E3C706F696E7420783D2232303730302220793D223135313530222F3E3C2F636F6E6E6563746F723E3C2F646473636F6E74726F6C3E3C646473636F6E74726F6C2073656D616E746963636F6F6B69653D22303135623730303366303562373030332220636F6E74726F6C70726F6769643D224D534444532E546578742E3038302E3122206C6566743D2231373532372220746F703D22313533323522206C6F676963616C69643D22392220636F6E74726F6C69643D223922206D617374657269643D2238222068696E74313D2230222068696E74323D2230222077696474683D223338363422206865696768743D2233343422206E6F726573697A653D223122206E6F6D6F76653D223022206E6F64656661756C74617474616368706F696E74733D223122206175746F647261673D2231222075736564656661756C7469646473686170653D2231222073656C65637461626C653D2231222073686F7773656C656374696F6E68616E646C65733D22312220616C6C6F776E756467696E673D223122206973616E6E6F746174696F6E3D22302220646F6E746175746F6C61796F75743D2231222067726F7570636F6C6C61707365643D2230222074616273746F703D2230222076697369626C653D22302220736E6170746F677269643D2230223E3C636F6E74726F6C3E3C646473786D6C6F626A65637473747265616D696E6974777261707065722062696E6172793D22303030323030303031383066303030303538303130303030303330303030303030303030303530303030383030383030303038303031303030303030313530303031303030303030393030313434343230313030303635343631363836663664363131393030343630303462303035663030353030303666303037333030373430303532303036353030366330303631303037343030363530303634303035303030366630303733303037343030373330303566303035303030366630303733303037343030373330303030303030303030222F3E3C2F636F6E74726F6C3E3C6C61796F75746F626A6563743E3C646473786D6C6F626A2F3E3C2F6C61796F75746F626A6563743E3C73686170652067726F7570736861706569643D2230222067726F75706E6F64653D2230222F3E3C2F646473636F6E74726F6C3E3C646473636F6E74726F6C2073656D616E746963636F6F6B69653D2230313030336130303031303030303030363430303632303036663030303030303436303034623030356630303530303036663030373330303734303034333030363130303734303036353030363730303666303037323030363930303635303037333030356630303530303036663030373330303734303037333030303030302220636F6E74726F6C70726F6769643D224D534444532E506F6C796C696E652E3038302E312220746F6F6C7469703D2252656C6174696F6E736869702027464B5F506F737443617465676F726965735F506F73747327206265747765656E2027506F7374732720616E642027506F737443617465676F726965732722206C6566743D2231343839332220746F703D223830363222206C6F676963616C69643D2231302220636F6E74726F6C69643D22313022206D617374657269643D2230222068696E74313D2230222068696E74323D2230222077696474683D2238313522206865696768743D223337333422206E6F726573697A653D223022206E6F6D6F76653D223022206E6F64656661756C74617474616368706F696E74733D223122206175746F647261673D2230222075736564656661756C74696464736'
+ N'86170653D2230222073656C65637461626C653D2231222073686F7773656C656374696F6E68616E646C65733D22302220616C6C6F776E756467696E673D223122206973616E6E6F746174696F6E3D22302220646F6E746175746F6C61796F75743D2230222067726F7570636F6C6C61707365643D2230222074616273746F703D2231222076697369626C653D22312220736E6170746F677269643D2230223E3C636F6E74726F6C3E3C646473786D6C6F626A3E3C706F6C796C696E6520656E64747970656473743D22302220656E64747970657372633D2232222075736572636F6C6F723D22313537393033323022206C696E657374796C653D223022206C696E6572656E6465723D22302220637573746F6D656E647479706564737469643D22302220637573746F6D656E647479706573726369643D2230222061646F726E7376697369626C653D2231223E3C61646F726E6D656E742070657263656E74706F733D2235302E303932373634333738343738372220636F6E74726F6C69643D223131222077696474683D223335343622206865696768743D223334342220736964653D223022206265686176696F723D2233222068696D65747269633D223131373122206469737466726F6D6C696E653D22313735222073746172746F626A3D22302220783D2231353437352220793D2239373537222076697369626C653D22302220616C6C6F776F7665726C61703D2231222075736570657263656E743D2231222F3E3C2F706F6C796C696E653E3C2F646473786D6C6F626A3E3C2F636F6E74726F6C3E3C6C61796F75746F626A6563743E3C646473786D6C6F626A2F3E3C2F6C61796F75746F626A6563743E3C636F6E6E6563746F7220736F7572636569643D223522206465737469643D22322220736F75726365617474616368706F696E743D223336222064657374617474616368706F696E743D22333722207365676D656E74656469746D6F64653D2230222062656E64706F696E74656469746D6F64653D2230222062656E64706F696E747669736962696C6974793D2230222072656C6174656469643D223022207669727475616C3D2230223E3C706F696E7420783D2231353330302220793D223131313030222F3E3C706F696E7420783D2231353330302220793D2238373631222F3E3C2F636F6E6E6563746F723E3C2F646473636F6E74726F6C3E3C646473636F6E74726F6C2073656D616E746963636F6F6B69653D22303135653730303366303565373030332220636F6E74726F6C70726F6769643D224D534444532E546578742E3038302E3122206C6566743D2231353437352220746F703D223937353722206C6F676963616C69643D2231312220636F6E74726F6C69643D22313122206D617374657269643D223130222068696E74313D2230222068696E74323D2230222077696474683D223335343622206865696768743D2233343422206E6F726573697A653D223122206E6F6D6F76653D223022206E6F64656661756C74617474616368706F696E74733D223122206175746F647261673D2231222075736564656661756C7469646473686170653D2231222073656C65637461626C653D2231222073686F7773656C656374696F6E68616E646C65733D22312220616C6C6F776E756467696E673D223122206973616E6E6F746174696F6E3D22302220646F6E746175746F6C61796F75743D2231222067726F7570636F6C6C61707365643D2230222074616273746F703D2230222076697369626C653D22302220736E6170746F677269643D2230223E3C636F6E74726F6C3E3C646473786D6C6F626A65637473747265616D696E6974777261707065722062696E6172793D2230303032303030306461306430303030353830313030303030333030303030303030303030353030303038303038303030303830303130303030303031353030303130303030303039303031343434323031303030363534363136383666366436313137303034363030346230303566303035303030366630303733303037343030343330303631303037343030363530303637303036663030373230303639303036353030373330303566303035303030366630303733303037343030373330303030303030303030222F3E3C2F636F6E74726F6C3E3C6C61796F75746F626A6563743E3C646473786D6C6F626A2F3E3C2F6C61796F75746F626A6563743E3C73686170652067726F7570736861706569643D2230222067726F75706E6F64653D2230222F3E3C2F646473636F6E74726F6C3E3C646473636F6E74726F6C2073656D616E746963636F6F6B69653D22303162633736356230313030303030303634303036323030366630303030303034363030346230303566303035303030366630303733303037343030343330303631303037343030363530303637303036663030373230303639303036353030373330303566303034333030363130303734303036353030363730303666303037323030363930303635303037333030303030302220636F6E74726F6C70726F6769643D224D534444532E506F6C796C696E652E3038302E312220746F6F6C7469703D2252656C6174696F6E736869702027464B5F506F737443617465676F726965735F43617465676F7269657327206265747765656E202743617465676F726965732720616E642027506F737443617465676F726965732722206C6566743D2231343839332220746F703D223331353122206C'
+ N'6F676963616C69643D2231322220636F6E74726F6C69643D22313222206D617374657269643D2230222068696E74313D2230222068696E74323D2230222077696474683D2238313522206865696768743D223338343922206E6F726573697A653D223022206E6F6D6F76653D223022206E6F64656661756C74617474616368706F696E74733D223122206175746F647261673D2230222075736564656661756C7469646473686170653D2230222073656C65637461626C653D2231222073686F7773656C656374696F6E68616E646C65733D22302220616C6C6F776E756467696E673D223122206973616E6E6F746174696F6E3D22302220646F6E746175746F6C61796F75743D2230222067726F7570636F6C6C61707365643D2230222074616273746F703D2231222076697369626C653D22312220736E6170746F677269643D2230223E3C636F6E74726F6C3E3C646473786D6C6F626A3E3C706F6C796C696E6520656E64747970656473743D22302220656E64747970657372633D2232222075736572636F6C6F723D22313537393033323022206C696E657374796C653D223022206C696E6572656E6465723D22302220637573746F6D656E647479706564737469643D22302220637573746F6D656E647479706573726369643D2230222061646F726E7376697369626C653D2231223E3C61646F726E6D656E742070657263656E74706F733D2235302220636F6E74726F6C69643D223133222077696474683D223432393622206865696768743D223334342220736964653D223022206265686176696F723D2233222068696D65747269633D223132323722206469737466726F6D6C696E653D22313735222073746172746F626A3D22302220783D2231303832392220793D2234393031222076697369626C653D22302220616C6C6F776F7665726C61703D2231222075736570657263656E743D2231222F3E3C2F706F6C796C696E653E3C2F646473786D6C6F626A3E3C2F636F6E74726F6C3E3C6C61796F75746F626A6563743E3C646473786D6C6F626A2F3E3C2F6C61796F75746F626A6563743E3C636F6E6E6563746F7220736F7572636569643D223122206465737469643D22322220736F75726365617474616368706F696E743D223337222064657374617474616368706F696E743D22333622207365676D656E74656469746D6F64653D2230222062656E64706F696E74656469746D6F64653D2230222062656E64706F696E747669736962696C6974793D2230222072656C6174656469643D223022207669727475616C3D2230223E3C706F696E7420783D2231353330302220793D2233383436222F3E3C706F696E7420783D2231353330302220793D2236333030222F3E3C2F636F6E6E6563746F723E3C2F646473636F6E74726F6C3E3C646473636F6E74726F6C2073656D616E746963636F6F6B69653D22303136333730303366303633373030332220636F6E74726F6C70726F6769643D224D534444532E546578742E3038302E3122206C6566743D2231303832392220746F703D223439303122206C6F676963616C69643D2231332220636F6E74726F6C69643D22313322206D617374657269643D223132222068696E74313D2230222068696E74323D2230222077696474683D223432393622206865696768743D2233343422206E6F726573697A653D223122206E6F6D6F76653D223022206E6F64656661756C74617474616368706F696E74733D223122206175746F647261673D2231222075736564656661756C7469646473686170653D2231222073656C65637461626C653D2231222073686F7773656C656374696F6E68616E646C65733D22312220616C6C6F776E756467696E673D223122206973616E6E6F746174696F6E3D22302220646F6E746175746F6C61796F75743D2231222067726F7570636F6C6C61707365643D2230222074616273746F703D2230222076697369626C653D22302220736E6170746F677269643D2230223E3C636F6E74726F6C3E3C646473786D6C6F626A65637473747265616D696E6974777261707065722062696E6172793D22303030323030303063383130303030303538303130303030303330303030303030303030303530303030383030383030303038303031303030303030313530303031303030303030393030313434343230313030303635343631363836663664363131633030343630303462303035663030353030303666303037333030373430303433303036313030373430303635303036373030366630303732303036393030363530303733303035663030343330303631303037343030363530303637303036663030373230303639303036353030373330303030303030303030222F3E3C2F636F6E74726F6C3E3C6C61796F75746F626A6563743E3C646473786D6C6F626A2F3E3C2F6C61796F75746F626A6563743E3C73686170652067726F7570736861706569643D2230222067726F75706E6F64653D2230222F3E3C2F646473636F6E74726F6C3E3C646473636F6E74726F6C2073656D616E746963636F6F6B69653D223031303030303030303130303030303036343030363230303666303030303030343630303462303035663030353030303666303037333030373430303433303036663030366430303664303036353030366530303734303037333030356630303530303036663030373330303734303037333030303030302220636F6E74726F6C70726F6769643D224'
+ N'D534444532E506F6C796C696E652E3038302E312220746F6F6C7469703D2252656C6174696F6E736869702027464B5F506F7374436F6D6D656E74735F506F73747327206265747765656E2027506F7374732720616E642027506F7374436F6D6D656E74732722206C6566743D2231343839332220746F703D22313835383122206C6F676963616C69643D2231342220636F6E74726F6C69643D22313422206D617374657269643D2230222068696E74313D2230222068696E74323D2230222077696474683D2238313522206865696768743D223338363922206E6F726573697A653D223022206E6F6D6F76653D223022206E6F64656661756C74617474616368706F696E74733D223122206175746F647261673D2230222075736564656661756C7469646473686170653D2230222073656C65637461626C653D2231222073686F7773656C656374696F6E68616E646C65733D22302220616C6C6F776E756467696E673D223122206973616E6E6F746174696F6E3D22302220646F6E746175746F6C61796F75743D2230222067726F7570636F6C6C61707365643D2230222074616273746F703D2231222076697369626C653D22312220736E6170746F677269643D2230223E3C636F6E74726F6C3E3C646473786D6C6F626A3E3C706F6C796C696E6520656E64747970656473743D22302220656E64747970657372633D2232222075736572636F6C6F723D22313537393033323022206C696E657374796C653D223022206C696E6572656E6465723D22302220637573746F6D656E647479706564737469643D22302220637573746F6D656E647479706573726369643D2230222061646F726E7376697369626C653D2231223E3C61646F726E6D656E742070657263656E74706F733D2232362E343433303537373232333038392220636F6E74726F6C69643D223135222077696474683D223334383922206865696768743D223334342220736964653D223022206265686176696F723D2233222068696D65747269633D2236353422206469737466726F6D6C696E653D22313735222073746172746F626A3D22302220783D2231313633362220793D223139383339222076697369626C653D22302220616C6C6F776F7665726C61703D2231222075736570657263656E743D2231222F3E3C2F706F6C796C696E653E3C2F646473786D6C6F626A3E3C2F636F6E74726F6C3E3C6C61796F75746F626A6563743E3C646473786D6C6F626A2F3E3C2F6C61796F75746F626A6563743E3C636F6E6E6563746F7220736F7572636569643D223522206465737469643D22332220736F75726365617474616368706F696E743D223337222064657374617474616368706F696E743D22333622207365676D656E74656469746D6F64653D2230222062656E64706F696E74656469746D6F64653D2230222062656E64706F696E747669736962696C6974793D2230222072656C6174656469643D223022207669727475616C3D2230223E3C706F696E7420783D2231353330302220793D223139323736222F3E3C706F696E7420783D2231353330302220793D223231373530222F3E3C2F636F6E6E6563746F723E3C2F646473636F6E74726F6C3E3C646473636F6E74726F6C2073656D616E746963636F6F6B69653D22303164663932326366386466393232632220636F6E74726F6C70726F6769643D224D534444532E546578742E3038302E3122206C6566743D2231313633362220746F703D22313938333922206C6F676963616C69643D2231352220636F6E74726F6C69643D22313522206D617374657269643D223134222068696E74313D2230222068696E74323D2230222077696474683D223334383922206865696768743D2233343422206E6F726573697A653D223122206E6F6D6F76653D223022206E6F64656661756C74617474616368706F696E74733D223122206175746F647261673D2231222075736564656661756C7469646473686170653D2231222073656C65637461626C653D2231222073686F7773656C656374696F6E68616E646C65733D22312220616C6C6F776E756467696E673D223122206973616E6E6F746174696F6E3D22302220646F6E746175746F6C61796F75743D2231222067726F7570636F6C6C61707365643D2230222074616273746F703D2230222076697369626C653D22302220736E6170746F677269643D2230223E3C636F6E74726F6C3E3C646473786D6C6F626A65637473747265616D696E6974777261707065722062696E6172793D223030303230303030613130643030303035383031303030303033303030303030303030306666666666663030303830303030383030313030303030303135303030313030303030303930303134343432303130303036353436313638366636643631313530303436303034623030356630303530303036663030373330303734303034333030366630303664303036643030363530303665303037343030373330303566303035303030366630303733303037343030373330303030303030303030222F3E3C2F636F6E74726F6C3E3C6C61796F75746F626A6563743E3C646473786D6C6F626A2F3E3C2F6C61796F75746F626A6563743E3C73686170652067726F7570736861706569643D2230222067726F75706E6F64653D2230222F3E3C2F646473636F6E74726F6C3E3C646473636F6E74726F6C2073656D616E746963636F6F6B69653D2230313230613337303031303030303030363430'
+ N'3036323030366630303030303034363030346230303566303035303030366630303733303037343030353430303631303036373030373330303566303035343030363130303637303037333030303030302220636F6E74726F6C70726F6769643D224D534444532E506F6C796C696E652E3038302E312220746F6F6C7469703D2252656C6174696F6E736869702027464B5F506F7374546167735F5461677327206265747765656E2027546167732720616E642027506F7374546167732722206C6566743D22363739332220746F703D22313336353122206C6F676963616C69643D2231362220636F6E74726F6C69643D22313622206D617374657269643D2230222068696E74313D2230222068696E74323D2230222077696474683D2238313522206865696768743D223336393922206E6F726573697A653D223022206E6F6D6F76653D223022206E6F64656661756C74617474616368706F696E74733D223122206175746F647261673D2230222075736564656661756C7469646473686170653D2230222073656C65637461626C653D2231222073686F7773656C656374696F6E68616E646C65733D22302220616C6C6F776E756467696E673D223122206973616E6E6F746174696F6E3D22302220646F6E746175746F6C61796F75743D2230222067726F7570636F6C6C61707365643D2230222074616273746F703D2231222076697369626C653D22312220736E6170746F677269643D2230223E3C636F6E74726F6C3E3C646473786D6C6F626A3E3C706F6C796C696E6520656E64747970656473743D22302220656E64747970657372633D2232222075736572636F6C6F723D22313537393033323022206C696E657374796C653D223022206C696E6572656E6465723D22302220637573746F6D656E647479706564737469643D22302220637573746F6D656E647479706573726369643D2230222061646F726E7376697369626C653D2231223E3C61646F726E6D656E742070657263656E74706F733D2234392E333732333834393337323338352220636F6E74726F6C69643D223137222077696474683D223236323422206865696768743D223334342220736964653D223022206265686176696F723D2233222068696D65747269633D223131333722206469737466726F6D6C696E653D22313735222073746172746F626A3D22302220783D22343430312220793D223135333133222076697369626C653D22302220616C6C6F776F7665726C61703D2231222075736570657263656E743D2231222F3E3C2F706F6C796C696E653E3C2F646473786D6C6F626A3E3C2F636F6E74726F6C3E3C6C61796F75746F626A6563743E3C646473786D6C6F626A2F3E3C2F6C61796F75746F626A6563743E3C636F6E6E6563746F7220736F7572636569643D223722206465737469643D22362220736F75726365617474616368706F696E743D223337222064657374617474616368706F696E743D22333622207365676D656E74656469746D6F64653D2230222062656E64706F696E74656469746D6F64653D2230222062656E64706F696E747669736962696C6974793D2230222072656C6174656469643D223022207669727475616C3D2230223E3C706F696E7420783D22373230302220793D223134333436222F3E3C706F696E7420783D22373230302220793D223136363530222F3E3C2F636F6E6E6563746F723E3C2F646473636F6E74726F6C3E3C646473636F6E74726F6C2073656D616E746963636F6F6B69653D22303164623932326337386462393232632220636F6E74726F6C70726F6769643D224D534444532E546578742E3038302E3122206C6566743D22343430312220746F703D22313533313322206C6F676963616C69643D2231372220636F6E74726F6C69643D22313722206D617374657269643D223136222068696E74313D2230222068696E74323D2230222077696474683D223236323422206865696768743D2233343422206E6F726573697A653D223122206E6F6D6F76653D223022206E6F64656661756C74617474616368706F696E74733D223122206175746F647261673D2231222075736564656661756C7469646473686170653D2231222073656C65637461626C653D2231222073686F7773656C656374696F6E68616E646C65733D22312220616C6C6F776E756467696E673D223122206973616E6E6F746174696F6E3D22302220646F6E746175746F6C61796F75743D2231222067726F7570636F6C6C61707365643D2230222074616273746F703D2230222076697369626C653D22302220736E6170746F677269643D2230223E3C636F6E74726F6C3E3C646473786D6C6F626A65637473747265616D696E6974777261707065722062696E6172793D22303030323030303034303061303030303538303130303030303330303030303030303030666666666666303030383030303038303031303030303030313530303031303030303030393030313434343230313030303635343631363836663664363131303030343630303462303035663030353030303666303037333030373430303534303036313030363730303733303035663030353430303631303036373030373330303030303030303030222F3E3C2F636F6E74726F6C3E3C6C61796F75746F626A6563743E3C646473786D6C6F626A2F3E3C2F6C61796F75746F626A6563743E3C73686170652067726F7570736861706569643D2230222067726F75706E6F64653D2'
+ N'230222F3E3C2F646473636F6E74726F6C3E3C646473636F6E74726F6C2073656D616E746963636F6F6B69653D2230313230613337303031303030303030363430303632303036663030303030303436303034623030356630303530303036663030373330303734303035343030363130303637303037333030356630303530303036663030373330303734303037333030303030302220636F6E74726F6C70726F6769643D224D534444532E506F6C796C696E652E3038302E312220746F6F6C7469703D2252656C6174696F6E736869702027464B5F506F7374546167735F506F73747327206265747765656E2027506F7374732720616E642027506F7374546167732722206C6566743D22393831382220746F703D22313437343322206C6F676963616C69643D2231382220636F6E74726F6C69643D22313822206D617374657269643D2230222068696E74313D2230222068696E74323D2230222077696474683D223239333222206865696768743D223334383722206E6F726573697A653D223022206E6F6D6F76653D223022206E6F64656661756C74617474616368706F696E74733D223122206175746F647261673D2230222075736564656661756C7469646473686170653D2230222073656C65637461626C653D2231222073686F7773656C656374696F6E68616E646C65733D22302220616C6C6F776E756467696E673D223122206973616E6E6F746174696F6E3D22302220646F6E746175746F6C61796F75743D2230222067726F7570636F6C6C61707365643D2230222074616273746F703D2231222076697369626C653D22312220736E6170746F677269643D2230223E3C636F6E74726F6C3E3C646473786D6C6F626A3E3C706F6C796C696E6520656E64747970656473743D22302220656E64747970657372633D2232222075736572636F6C6F723D22313537393033323022206C696E657374796C653D223022206C696E6572656E6465723D22302220637573746F6D656E647479706564737469643D22302220637573746F6D656E647479706573726369643D2230222061646F726E7376697369626C653D2231223E3C61646F726E6D656E742070657263656E74706F733D2235312E373732383832353533383933332220636F6E74726F6C69643D223139222077696474683D223237313022206865696768743D223334342220736964653D223022206265686176696F723D2233222068696D65747269633D223236303522206469737466726F6D6C696E653D22313735222073746172746F626A3D22302220783D22373536352220793D223135323336222076697369626C653D22302220616C6C6F776F7665726C61703D2231222075736570657263656E743D2231222F3E3C2F706F6C796C696E653E3C2F646473786D6C6F626A3E3C2F636F6E74726F6C3E3C6C61796F75746F626A6563743E3C646473786D6C6F626A2F3E3C2F6C61796F75746F626A6563743E3C636F6E6E6563746F7220736F7572636569643D223522206465737469643D22362220736F75726365617474616368706F696E743D22313236222064657374617474616368706F696E743D22383922207365676D656E74656469746D6F64653D2230222062656E64706F696E74656469746D6F64653D2230222062656E64706F696E747669736962696C6974793D2230222072656C6174656469643D223022207669727475616C3D2230223E3C706F696E7420783D2231323435302220793D223135313530222F3E3C706F696E7420783D2231303435302220793D223135313530222F3E3C706F696E7420783D2231303435302220793D223137383530222F3E3C706F696E7420783D2231303131382220793D223137383530222F3E3C2F636F6E6E6563746F723E3C2F646473636F6E74726F6C3E3C646473636F6E74726F6C2073656D616E746963636F6F6B69653D22303165396239326361386539623932632220636F6E74726F6C70726F6769643D224D534444532E546578742E3038302E3122206C6566743D22373536352220746F703D22313532333622206C6F676963616C69643D2231392220636F6E74726F6C69643D22313922206D617374657269643D223138222068696E74313D2230222068696E74323D2230222077696474683D223237313022206865696768743D2233343422206E6F726573697A653D223122206E6F6D6F76653D223022206E6F64656661756C74617474616368706F696E74733D223122206175746F647261673D2231222075736564656661756C7469646473686170653D2231222073656C65637461626C653D2231222073686F7773656C656374696F6E68616E646C65733D22312220616C6C6F776E756467696E673D223122206973616E6E6F746174696F6E3D22302220646F6E746175746F6C61796F75743D2231222067726F7570636F6C6C61707365643D2230222074616273746F703D2230222076697369626C653D22302220736E6170746F677269643D2230223E3C636F6E74726F6C3E3C646473786D6C6F626A65637473747265616D696E6974777261707065722062696E6172793D22303030323030303039363061303030303538303130303030303330303030303030303030666666666666303030383030303038303031303030303030313530303031303030303030393030313434343230313030303635343631363836663664363131313030343630303462303035663030353030303666303037333030373430303534'
+ N'30303631303036373030373330303566303035303030366630303733303037343030373330303030303030303030222F3E3C2F636F6E74726F6C3E3C6C61796F75746F626A6563743E3C646473786D6C6F626A2F3E3C2F6C61796F75746F626A6563743E3C73686170652067726F7570736861706569643D2230222067726F75706E6F64653D2230222F3E3C2F646473636F6E74726F6C3E3C646473636F6E74726F6C2073656D616E746963636F6F6B69653D2230313361366136623031303030303030363430303632303036663030303030303436303034623030356630303530303036663030373330303734303035323030363530303663303036313030373430303635303036343030353030303666303037333030373430303733303035663030353030303666303037333030373430303733303033313030303030302220636F6E74726F6C70726F6769643D224D534444532E506F6C796C696E652E3038302E312220746F6F6C7469703D2252656C6174696F6E736869702027464B5F506F737452656C61746564506F7374735F506F7374733127206265747765656E2027506F7374732720616E642027506F737452656C61746564506F7374732722206C6566743D2231373931382220746F703D22313438393322206C6F676963616C69643D2232302220636F6E74726F6C69643D22323022206D617374657269643D2230222068696E74313D2230222068696E74323D2230222077696474683D223330383222206865696768743D2238313522206E6F726573697A653D223022206E6F6D6F76653D223022206E6F64656661756C74617474616368706F696E74733D223122206175746F647261673D2230222075736564656661756C7469646473686170653D2230222073656C65637461626C653D2231222073686F7773656C656374696F6E68616E646C65733D22302220616C6C6F776E756467696E673D223122206973616E6E6F746174696F6E3D22302220646F6E746175746F6C61796F75743D2230222067726F7570636F6C6C61707365643D2230222074616273746F703D2231222076697369626C653D22312220736E6170746F677269643D2230223E3C636F6E74726F6C3E3C646473786D6C6F626A3E3C706F6C796C696E6520656E64747970656473743D22302220656E64747970657372633D2232222075736572636F6C6F723D22313537393033323022206C696E657374796C653D223022206C696E6572656E6465723D22302220637573746F6D656E647479706564737469643D22302220637573746F6D656E647479706573726369643D2230222061646F726E7376697369626C653D2231223E3C61646F726E6D656E742070657263656E74706F733D2235302220636F6E74726F6C69643D223231222077696474683D223430333722206865696768743D223334342220736964653D223022206265686176696F723D2233222068696D65747269633D223132343122206469737466726F6D6C696E653D22313735222073746172746F626A3D22302220783D2231373434302220793D223135343735222076697369626C653D22302220616C6C6F776F7665726C61703D2231222075736570657263656E743D2231222F3E3C2F706F6C796C696E653E3C2F646473786D6C6F626A3E3C2F636F6E74726F6C3E3C6C61796F75746F626A6563743E3C646473786D6C6F626A2F3E3C2F6C61796F75746F626A6563743E3C636F6E6E6563746F7220736F7572636569643D223522206465737469643D22342220736F75726365617474616368706F696E743D22313239222064657374617474616368706F696E743D22393022207365676D656E74656469746D6F64653D2230222062656E64706F696E74656469746D6F64653D2230222062656E64706F696E747669736962696C6974793D2230222072656C6174656469643D223022207669727475616C3D2230223E3C706F696E7420783D2231383231382220793D223135333030222F3E3C706F696E7420783D2232303730302220793D223135333030222F3E3C2F636F6E6E6563746F723E3C2F646473636F6E74726F6C3E3C646473636F6E74726F6C2073656D616E746963636F6F6B69653D22303165393932326337386539393232632220636F6E74726F6C70726F6769643D224D534444532E546578742E3038302E3122206C6566743D2231373434302220746F703D22313534373522206C6F676963616C69643D2232312220636F6E74726F6C69643D22323122206D617374657269643D223230222068696E74313D2230222068696E74323D2230222077696474683D223430333722206865696768743D2233343422206E6F726573697A653D223122206E6F6D6F76653D223022206E6F64656661756C74617474616368706F696E74733D223122206175746F647261673D2231222075736564656661756C7469646473686170653D2231222073656C65637461626C653D2231222073686F7773656C656374696F6E68616E646C65733D22312220616C6C6F776E756467696E673D223122206973616E6E6F746174696F6E3D22302220646F6E746175746F6C61796F75743D2231222067726F7570636F6C6C61707365643D2230222074616273746F703D2230222076697369626C653D22302220736E6170746F677269643D2230223E3C636F6E74726F6C3E3C646473786D6C6F626A65637473747265616D696E6974777261707065722062696E6172793D223030303230303030633530663'
+ N'0303030353830313030303030333030303030303030303066666666666630303038303030303830303130303030303031353030303130303030303039303031343434323031303030363534363136383666366436313161303034363030346230303566303035303030366630303733303037343030353230303635303036633030363130303734303036353030363430303530303036663030373330303734303037333030356630303530303036663030373330303734303037333030333130303030303030303030222F3E3C2F636F6E74726F6C3E3C6C61796F75746F626A6563743E3C646473786D6C6F626A2F3E3C2F6C61796F75746F626A6563743E3C73686170652067726F7570736861706569643D2230222067726F75706E6F64653D2230222F3E3C2F646473636F6E74726F6C3E3C2F6464733E0D0A0000000000000000000000000000000000000000000000000000000000000000000000000000000000000000000000000000000000000000000000000000000000000000000000000000000000000000000000000000000000000000000000000000000000FEFFFFFF02000000030000000400000005000000060000000700000008000000090000000A0000000B0000000C0000000D0000000E0000000F000000FEFFFFFFFEFFFFFFFFFFFFFFFFFFFFFFFFFFFFFFFFFFFFFFFFFFFFFFFFFFFFFFFFFFFFFFFFFFFFFFFFFFFFFFFFFFFFFFFFFFFFFFFFFFFFFFFFFFFFFFFFFFFFFFFFFFFFFFFFFFFFFFFFFFFFFFFFFFFFFFFFFFFFFFFFFFFFFFFFFFFFFFFFFFFFFFFFFFFFFFFFFFFFFFFFFFFFFFFFFFFFFFFFFFFFFFFFFFFFFFFFFFFFFFFFFFFFFFFFFFFFFFFFFFFFFFFFFFFFFFFFFFFFFFFFFFFFFFFFFFFFFFFFFFFFFFFFFFFFFFFFFFFFFFFFFFFFFFFFFFFFFFFFFFFFFFFFFFFFFFFFFFFFFFFFFFFFFFFFFFFFFFFFFFFFFFFFFFFFFFFFFFFFFFFFFFFFFFFFFFFFFFFFFFFFFFFFFFFFFFFFFFFFFFFFFFFFFFFFFFFFFFFFFFFFFFFFFFFFFFFFFFFFFFFFFFFFFFFFFFFFFFFFFFFFFFFFFFFFFFFFFFFFFFFFFFFFFFFFFFFFFFFFFFFFFFFFFFFFFFFFFFFFFFFFFFFFFFFFFFFFFFFFFFFFFFFFFFFFFFFFFFFFFFFFFFFFFFFFFFFFFFFFFFFFFFFFFFFFFFFFFFFFFFFFFFFFFFFFFFFFFFFFFFFFFFFFFFFFFFFFFFFFFFFFFFFFFFFFFFFFFFFFFFFFFFFFFFFFFFFFFFFFFFFFFFFFFFFFFFFFFFFFFFFFFFFFFFFFFFFFFFFFFFFFFFFFFFFFFFFFFFFFFFFFFFFFFFFFFFFFFFFFFFFFFFFFFFFFFFFFFFFFFFFFFFFFFFFFFFFFFFFFFFFFFFFFFFFFFFFFFFFFFFFFFFFFFFFFFFFFFFFFFFFFFFFFFFFFFFFFFF010003000000000000000C0000000B0000004E61BC00000000000000000000000000000000000000000000000000000000000000000000000000000000000000DBE6B0E91C81D011AD5100A0C90F573900000200F0F0FB6C7E48D901020200001048450000000000000000000000000000000000DE0100004400610074006100200053006F0075007200630065003D0028006C006F00630061006C006400620029005C006D007300730071006C006C006F00630061006C00640062003B0049006E0069007400690061006C00200043006100740061006C006F0067003D0042006C006F006700440065006D006F003B0049006E00740065006700720061007400650064002000530065006300750072006900740079003D0054007200750065003B004D0075006C007400690070006C00650041006300740069007600650052006500730075006C00740053006500740073003D00460061006C00730065003B0043006F006E006E006500630074002000540069006D0065006F00750074003D00330030003B0054007200750073007400530065007200760065007200430065007200740069006600690063006100740065003D00460061006C00730065003B005000610063006B00650074002000530069007A0065003D0034003000390036003B004100700070006C00690063006100740069006F006E0020004E0061006D0065003D0022004D006900630072006F0073006F00660074002000530051004C00200053006500720076006500720020004D0061006E006100670065006D0065006E0074002000530074007500640069006F002200000000800500140000004400690061006700720061006D005F00300000000002260016000000430061007400650067006F007200690065007300000008000000640062006F000000000226001E00000050006F0073007400430061007400650067006F007200690065007300000008000000640062006F000000000226001A00000050006F007300740043006F006D006D0065006E0074007300000008000000640062006F000000000226002200000050006F0073007400520065006C00610074006500640050006F00730074007300000008000000640062006F000000000226000C00000050006F00730074007300000008000000640062006F000000000226001200000050006F00730074005400610067007300000008000000640062006F000000000224000A0000005400610067007300000008000000640062006F00000001000000D68509B3BB6BF2459AB8371664F0327008004E0000007B00310036003300340043004400440037002D0030003800380038002D0034003200450033002D0039004600410032002D004200360044003300320035003600330042003900310044007D000000000053006300680065006D00610020005500440056002000440065006600610075006C007400200050006F007300'
+ N'740020005600360000000000000000000000000036000200FFFFFFFFFFFFFFFFFFFFFFFF0000000000000000000000000000000000000000000000000000000000000000000000001000000012000000000000000000000000000000000000000000000000000000000000000000000000000000000000000000000000000000000000000000000000000000000000000000000000000000FFFFFFFFFFFFFFFFFFFFFFFF0000000000000000000000000000000000000000000000000000000000000000000000000000000000000000000000000000000000000000000000000000000000000000000000000000000000000000000000000000000000000000000000000000000000000000000000000000000000000000FFFFFFFFFFFFFFFFFFFFFFFF0000000000000000000000000000000000000000000000000000000000000000000000000000000000000000000000000000000000000000000000000000000000000000000000000000000000000000000000000000000000000000000000000000000000000000000000000000000000000000FFFFFFFFFFFFFFFFFFFFFFFF000000000000000000000000000000000000000000000000000000000000000000000000000000000000000000000000010003000000000000000C0000000B000000000000000000000000000000000000000000000000000000000000000000000000000000000000000000000000000000000000000000000000000000000000000000000000000000000000000000000000000000000000000000000000000000000000000000000000000000000000000000000000000000000000000000000000000000000000000000000000000000000000000000000000000000000000000000000000000000000000000000000000000000000000000000000000000000000000000000000000000000000000000000000000000000000000000000000000000000000000000000000000000000000000000000000000000000000000000000000000000000000000000000000000000000000000000000000000000000000000000000000000000000000000000000000000000000000000000000000000000000000000000000000000000000000000000000000000000000000000000000000000000000000000000000000000000000000000000000000000000000000000000000000000000000000000000000000000000000000000000000000000000000000000000000000000000000000000000000000000000000000000000000000000000000000000000000000000000000000000000000000000000000000000000000000000000000000062885214)')
GO
SET IDENTITY_INSERT dbo.sysdiagrams OFF
GO

-- 
-- Dumping data for table PostTags
--
PRINT (N'Dumping data for table PostTags')
INSERT dbo.PostTags VALUES (1, 16)
INSERT dbo.PostTags VALUES (1, 50)
INSERT dbo.PostTags VALUES (1, 57)
INSERT dbo.PostTags VALUES (1, 61)
INSERT dbo.PostTags VALUES (1, 105)
INSERT dbo.PostTags VALUES (1, 129)
INSERT dbo.PostTags VALUES (2, 12)
INSERT dbo.PostTags VALUES (2, 14)
INSERT dbo.PostTags VALUES (2, 19)
INSERT dbo.PostTags VALUES (2, 38)
INSERT dbo.PostTags VALUES (2, 63)
INSERT dbo.PostTags VALUES (2, 99)
INSERT dbo.PostTags VALUES (2, 108)
INSERT dbo.PostTags VALUES (2, 134)
INSERT dbo.PostTags VALUES (2, 137)
INSERT dbo.PostTags VALUES (2, 138)
INSERT dbo.PostTags VALUES (2, 149)
INSERT dbo.PostTags VALUES (3, 17)
INSERT dbo.PostTags VALUES (3, 28)
INSERT dbo.PostTags VALUES (3, 122)
INSERT dbo.PostTags VALUES (3, 132)
INSERT dbo.PostTags VALUES (4, 7)
INSERT dbo.PostTags VALUES (4, 25)
INSERT dbo.PostTags VALUES (4, 26)
INSERT dbo.PostTags VALUES (4, 50)
INSERT dbo.PostTags VALUES (4, 78)
INSERT dbo.PostTags VALUES (4, 98)
INSERT dbo.PostTags VALUES (4, 125)
INSERT dbo.PostTags VALUES (5, 2)
INSERT dbo.PostTags VALUES (5, 21)
INSERT dbo.PostTags VALUES (5, 81)
INSERT dbo.PostTags VALUES (5, 85)
INSERT dbo.PostTags VALUES (5, 141)
INSERT dbo.PostTags VALUES (6, 14)
INSERT dbo.PostTags VALUES (6, 135)
INSERT dbo.PostTags VALUES (6, 138)
INSERT dbo.PostTags VALUES (7, 3)
INSERT dbo.PostTags VALUES (7, 5)
INSERT dbo.PostTags VALUES (7, 14)
INSERT dbo.PostTags VALUES (7, 15)
INSERT dbo.PostTags VALUES (7, 81)
INSERT dbo.PostTags VALUES (7, 94)
INSERT dbo.PostTags VALUES (7, 116)
INSERT dbo.PostTags VALUES (8, 64)
INSERT dbo.PostTags VALUES (8, 79)
INSERT dbo.PostTags VALUES (8, 82)
INSERT dbo.PostTags VALUES (8, 97)
INSERT dbo.PostTags VALUES (8, 144)
INSERT dbo.PostTags VALUES (9, 10)
INSERT dbo.PostTags VALUES (9, 27)
INSERT dbo.PostTags VALUES (9, 75)
INSERT dbo.PostTags VALUES (9, 103)
INSERT dbo.PostTags VALUES (10, 43)
INSERT dbo.PostTags VALUES (10, 55)
INSERT dbo.PostTags VALUES (10, 118)
INSERT dbo.PostTags VALUES (10, 120)
INSERT dbo.PostTags VALUES (10, 121)
INSERT dbo.PostTags VALUES (11, 11)
INSERT dbo.PostTags VALUES (11, 14)
INSERT dbo.PostTags VALUES (11, 25)
INSERT dbo.PostTags VALUES (11, 80)
INSERT dbo.PostTags VALUES (11, 112)
INSERT dbo.PostTags VALUES (12, 37)
INSERT dbo.PostTags VALUES (12, 45)
INSERT dbo.PostTags VALUES (12, 62)
INSERT dbo.PostTags VALUES (12, 76)
INSERT dbo.PostTags VALUES (12, 80)
INSERT dbo.PostTags VALUES (12, 130)
INSERT dbo.PostTags VALUES (13, 3)
INSERT dbo.PostTags VALUES (13, 7)
INSERT dbo.PostTags VALUES (13, 9)
INSERT dbo.PostTags VALUES (13, 19)
INSERT dbo.PostTags VALUES (13, 47)
INSERT dbo.PostTags VALUES (13, 58)
INSERT dbo.PostTags VALUES (13, 61)
INSERT dbo.PostTags VALUES (13, 87)
INSERT dbo.PostTags VALUES (13, 117)
INSERT dbo.PostTags VALUES (13, 119)
INSERT dbo.PostTags VALUES (13, 148)
INSERT dbo.PostTags VALUES (14, 9)
INSERT dbo.PostTags VALUES (14, 49)
INSERT dbo.PostTags VALUES (14, 70)
INSERT dbo.PostTags VALUES (14, 87)
INSERT dbo.PostTags VALUES (14, 96)
INSERT dbo.PostTags VALUES (14, 103)
INSERT dbo.PostTags VALUES (14, 105)
INSERT dbo.PostTags VALUES (14, 142)
INSERT dbo.PostTags VALUES (15, 39)
INSERT dbo.PostTags VALUES (15, 70)
INSERT dbo.PostTags VALUES (15, 115)
INSERT dbo.PostTags VALUES (16, 11)
INSERT dbo.PostTags VALUES (16, 22)
INSERT dbo.PostTags VALUES (16, 46)
INSERT dbo.PostTags VALUES (16, 50)
INSERT dbo.PostTags VALUES (16, 95)
INSERT dbo.PostTags VALUES (16, 111)
INSERT dbo.PostTags VALUES (16, 132)
INSERT dbo.PostTags VALUES (16, 150)
INSERT dbo.PostTags VALUES (17, 41)
INSERT dbo.PostTags VALUES (17, 64)
INSERT dbo.PostTags VALUES (17, 69)
INSERT dbo.PostTags VALUES (17, 84)
INSERT dbo.PostTags VALUES (17, 94)
INSERT dbo.PostTags VALUES (17, 145)
INSERT dbo.PostTags VALUES (18, 12)
INSERT dbo.PostTags VALUES (18, 52)
INSERT dbo.PostTags VALUES (18, 57)
INSERT dbo.PostTags VALUES (18, 94)
INSERT dbo.PostTags VALUES (18, 128)
INSERT dbo.PostTags VALUES (19, 7)
INSERT dbo.PostTags VALUES (19, 27)
INSERT dbo.PostTags VALUES (19, 30)
INSERT dbo.PostTags VALUES (19, 37)
INSERT dbo.PostTags VALUES (19, 89)
INSERT dbo.PostTags VALUES (19, 94)
INSERT dbo.PostTags VALUES (19, 133)
INSERT dbo.PostTags VALUES (19, 146)
INSERT dbo.PostTags VALUES (20, 65)
INSERT dbo.PostTags VALUES (20, 91)
INSERT dbo.PostTags VALUES (20, 95)
INSERT dbo.PostTags VALUES (20, 127)
INSERT dbo.PostTags VALUES (21, 8)
INSERT dbo.PostTags VALUES (21, 31)
INSERT dbo.PostTags VALUES (21, 40)
INSERT dbo.PostTags VALUES (21, 43)
INSERT dbo.PostTags VALUES (21, 63)
INSERT dbo.PostTags VALUES (21, 73)
INSERT dbo.PostTags VALUES (21, 108)
INSERT dbo.PostTags VALUES (21, 126)
INSERT dbo.PostTags VALUES (21, 133)
INSERT dbo.PostTags VALUES (21, 135)
INSERT dbo.PostTags VALUES (21, 139)
INSERT dbo.PostTags VALUES (22, 40)
INSERT dbo.PostTags VALUES (22, 116)
INSERT dbo.PostTags VALUES (22, 128)
INSERT dbo.PostTags VALUES (23, 22)
INSERT dbo.PostTags VALUES (23, 32)
INSERT dbo.PostTags VALUES (23, 64)
INSERT dbo.PostTags VALUES (23, 76)
INSERT dbo.PostTags VALUES (23, 83)
INSERT dbo.PostTags VALUES (23, 92)
INSERT dbo.PostTags VALUES (23, 96)
INSERT dbo.PostTags VALUES (23, 112)
INSERT dbo.PostTags VALUES (23, 120)
INSERT dbo.PostTags VALUES (24, 13)
INSERT dbo.PostTags VALUES (24, 53)
INSERT dbo.PostTags VALUES (24, 70)
INSERT dbo.PostTags VALUES (24, 87)
INSERT dbo.PostTags VALUES (24, 105)
INSERT dbo.PostTags VALUES (24, 113)
INSERT dbo.PostTags VALUES (24, 118)
INSERT dbo.PostTags VALUES (24, 136)
INSERT dbo.PostTags VALUES (25, 5)
INSERT dbo.PostTags VALUES (25, 42)
INSERT dbo.PostTags VALUES (25, 53)
INSERT dbo.PostTags VALUES (25, 66)
INSERT dbo.PostTags VALUES (25, 88)
INSERT dbo.PostTags VALUES (25, 93)
INSERT dbo.PostTags VALUES (25, 97)
INSERT dbo.PostTags VALUES (25, 98)
INSERT dbo.PostTags VALUES (25, 100)
INSERT dbo.PostTags VALUES (25, 111)
INSERT dbo.PostTags VALUES (25, 128)
INSERT dbo.PostTags VALUES (26, 49)
INSERT dbo.PostTags VALUES (26, 50)
INSERT dbo.PostTags VALUES (26, 75)
INSERT dbo.PostTags VALUES (26, 89)
INSERT dbo.PostTags VALUES (26, 101)
INSERT dbo.PostTags VALUES (26, 127)
INSERT dbo.PostTags VALUES (26, 131)
INSERT dbo.PostTags VALUES (26, 140)
INSERT dbo.PostTags VALUES (27, 6)
INSERT dbo.PostTags VALUES (27, 18)
INSERT dbo.PostTags VALUES (27, 19)
INSERT dbo.PostTags VALUES (27, 59)
INSERT dbo.PostTags VALUES (27, 101)
INSERT dbo.PostTags VALUES (27, 121)
INSERT dbo.PostTags VALUES (27, 124)
INSERT dbo.PostTags VALUES (27, 136)
INSERT dbo.PostTags VALUES (28, 26)
INSERT dbo.PostTags VALUES (28, 73)
INSERT dbo.PostTags VALUES (28, 79)
INSERT dbo.PostTags VALUES (28, 95)
INSERT dbo.PostTags VALUES (29, 21)
INSERT dbo.PostTags VALUES (29, 23)
INSERT dbo.PostTags VALUES (29, 69)
INSERT dbo.PostTags VALUES (29, 86)
INSERT dbo.PostTags VALUES (29, 111)
INSERT dbo.PostTags VALUES (30, 20)
INSERT dbo.PostTags VALUES (30, 32)
INSERT dbo.PostTags VALUES (30, 45)
INSERT dbo.PostTags VALUES (30, 113)
INSERT dbo.PostTags VALUES (30, 127)
INSERT dbo.PostTags VALUES (30, 140)
INSERT dbo.PostTags VALUES (30, 147)
INSERT dbo.PostTags VALUES (31, 20)
INSERT dbo.PostTags VALUES (31, 29)
INSERT dbo.PostTags VALUES (31, 32)
INSERT dbo.PostTags VALUES (31, 34)
INSERT dbo.PostTags VALUES (31, 39)
INSERT dbo.PostTags VALUES (31, 52)
INSERT dbo.PostTags VALUES (31, 102)
INSERT dbo.PostTags VALUES (31, 105)
INSERT dbo.PostTags VALUES (31, 115)
INSERT dbo.PostTags VALUES (31, 119)
INSERT dbo.PostTags VALUES (31, 140)
INSERT dbo.PostTags VALUES (32, 23)
INSERT dbo.PostTags VALUES (32, 67)
INSERT dbo.PostTags VALUES (32, 73)
INSERT dbo.PostTags VALUES (32, 78)
INSERT dbo.PostTags VALUES (32, 112)
INSERT dbo.PostTags VALUES (32, 143)
INSERT dbo.PostTags VALUES (33, 19)
INSERT dbo.PostTags VALUES (33, 34)
INSERT dbo.PostTags VALUES (33, 44)
INSERT dbo.PostTags VALUES (33, 49)
INSERT dbo.PostTags VALUES (33, 62)
INSERT dbo.PostTags VALUES (33, 111)
INSERT dbo.PostTags VALUES (33, 145)
INSERT dbo.PostTags VALUES (34, 4)
INSERT dbo.PostTags VALUES (34, 68)
INSERT dbo.PostTags VALUES (34, 69)
INSERT dbo.PostTags VALUES (34, 116)
INSERT dbo.PostTags VALUES (34, 123)
INSERT dbo.PostTags VALUES (34, 138)
INSERT dbo.PostTags VALUES (34, 140)
INSERT dbo.PostTags VALUES (35, 12)
INSERT dbo.PostTags VALUES (35, 38)
INSERT dbo.PostTags VALUES (35, 55)
INSERT dbo.PostTags VALUES (35, 56)
INSERT dbo.PostTags VALUES (35, 81)
INSERT dbo.PostTags VALUES (35, 91)
INSERT dbo.PostTags VALUES (35, 113)
INSERT dbo.PostTags VALUES (35, 116)
INSERT dbo.PostTags VALUES (35, 150)
INSERT dbo.PostTags VALUES (36, 9)
INSERT dbo.PostTags VALUES (36, 10)
INSERT dbo.PostTags VALUES (36, 46)
INSERT dbo.PostTags VALUES (36, 60)
INSERT dbo.PostTags VALUES (36, 61)
INSERT dbo.PostTags VALUES (36, 75)
INSERT dbo.PostTags VALUES (36, 109)
INSERT dbo.PostTags VALUES (36, 113)
INSERT dbo.PostTags VALUES (36, 134)
INSERT dbo.PostTags VALUES (37, 20)
INSERT dbo.PostTags VALUES (37, 21)
INSERT dbo.PostTags VALUES (37, 44)
INSERT dbo.PostTags VALUES (37, 65)
INSERT dbo.PostTags VALUES (37, 68)
INSERT dbo.PostTags VALUES (37, 101)
INSERT dbo.PostTags VALUES (38, 1)
INSERT dbo.PostTags VALUES (38, 9)
INSERT dbo.PostTags VALUES (38, 11)
INSERT dbo.PostTags VALUES (38, 35)
INSERT dbo.PostTags VALUES (38, 78)
INSERT dbo.PostTags VALUES (38, 101)
INSERT dbo.PostTags VALUES (38, 131)
INSERT dbo.PostTags VALUES (38, 142)
INSERT dbo.PostTags VALUES (38, 145)
INSERT dbo.PostTags VALUES (39, 45)
INSERT dbo.PostTags VALUES (39, 46)
INSERT dbo.PostTags VALUES (39, 56)
INSERT dbo.PostTags VALUES (39, 61)
INSERT dbo.PostTags VALUES (39, 68)
INSERT dbo.PostTags VALUES (39, 71)
INSERT dbo.PostTags VALUES (39, 129)
INSERT dbo.PostTags VALUES (40, 18)
INSERT dbo.PostTags VALUES (40, 20)
INSERT dbo.PostTags VALUES (40, 27)
INSERT dbo.PostTags VALUES (40, 49)
INSERT dbo.PostTags VALUES (40, 51)
INSERT dbo.PostTags VALUES (40, 64)
INSERT dbo.PostTags VALUES (40, 67)
INSERT dbo.PostTags VALUES (40, 82)
INSERT dbo.PostTags VALUES (40, 97)
INSERT dbo.PostTags VALUES (41, 10)
INSERT dbo.PostTags VALUES (41, 44)
INSERT dbo.PostTags VALUES (41, 72)
INSERT dbo.PostTags VALUES (41, 74)
INSERT dbo.PostTags VALUES (41, 109)
INSERT dbo.PostTags VALUES (42, 3)
INSERT dbo.PostTags VALUES (42, 17)
INSERT dbo.PostTags VALUES (42, 30)
INSERT dbo.PostTags VALUES (42, 34)
INSERT dbo.PostTags VALUES (42, 58)
INSERT dbo.PostTags VALUES (42, 110)
INSERT dbo.PostTags VALUES (43, 17)
INSERT dbo.PostTags VALUES (43, 55)
INSERT dbo.PostTags VALUES (43, 118)
INSERT dbo.PostTags VALUES (43, 131)
INSERT dbo.PostTags VALUES (43, 146)
INSERT dbo.PostTags VALUES (44, 23)
INSERT dbo.PostTags VALUES (44, 43)
INSERT dbo.PostTags VALUES (44, 48)
INSERT dbo.PostTags VALUES (44, 54)
INSERT dbo.PostTags VALUES (44, 62)
INSERT dbo.PostTags VALUES (44, 83)
INSERT dbo.PostTags VALUES (44, 106)
INSERT dbo.PostTags VALUES (44, 117)
INSERT dbo.PostTags VALUES (44, 129)
INSERT dbo.PostTags VALUES (45, 7)
INSERT dbo.PostTags VALUES (45, 32)
INSERT dbo.PostTags VALUES (45, 36)
INSERT dbo.PostTags VALUES (45, 60)
INSERT dbo.PostTags VALUES (45, 106)
INSERT dbo.PostTags VALUES (45, 128)
INSERT dbo.PostTags VALUES (46, 3)
INSERT dbo.PostTags VALUES (46, 21)
INSERT dbo.PostTags VALUES (46, 24)
INSERT dbo.PostTags VALUES (46, 90)
INSERT dbo.PostTags VALUES (46, 104)
INSERT dbo.PostTags VALUES (46, 114)
INSERT dbo.PostTags VALUES (46, 130)
INSERT dbo.PostTags VALUES (46, 145)
INSERT dbo.PostTags VALUES (47, 8)
INSERT dbo.PostTags VALUES (47, 15)
INSERT dbo.PostTags VALUES (47, 27)
INSERT dbo.PostTags VALUES (47, 60)
INSERT dbo.PostTags VALUES (47, 76)
INSERT dbo.PostTags VALUES (47, 81)
INSERT dbo.PostTags VALUES (47, 97)
INSERT dbo.PostTags VALUES (47, 119)
INSERT dbo.PostTags VALUES (48, 22)
INSERT dbo.PostTags VALUES (48, 24)
INSERT dbo.PostTags VALUES (48, 52)
INSERT dbo.PostTags VALUES (48, 75)
INSERT dbo.PostTags VALUES (48, 86)
INSERT dbo.PostTags VALUES (48, 107)
INSERT dbo.PostTags VALUES (48, 118)
INSERT dbo.PostTags VALUES (48, 146)
INSERT dbo.PostTags VALUES (48, 148)
INSERT dbo.PostTags VALUES (49, 2)
INSERT dbo.PostTags VALUES (49, 11)
INSERT dbo.PostTags VALUES (49, 18)
INSERT dbo.PostTags VALUES (49, 30)
INSERT dbo.PostTags VALUES (49, 33)
INSERT dbo.PostTags VALUES (49, 40)
INSERT dbo.PostTags VALUES (49, 48)
INSERT dbo.PostTags VALUES (49, 77)
INSERT dbo.PostTags VALUES (49, 86)
INSERT dbo.PostTags VALUES (49, 121)
INSERT dbo.PostTags VALUES (49, 126)
INSERT dbo.PostTags VALUES (49, 133)
INSERT dbo.PostTags VALUES (49, 141)
INSERT dbo.PostTags VALUES (50, 5)
INSERT dbo.PostTags VALUES (50, 36)
INSERT dbo.PostTags VALUES (50, 83)
INSERT dbo.PostTags VALUES (50, 123)
GO

-- 
-- Dumping data for table Posts
--
PRINT (N'Dumping data for table Posts')
INSERT dbo.Posts VALUES (1, 1, N'his-mother-had-always-taught-him', N'His mother had always taught him', N'His mother had always taught him not to ever think of himself as better than others. He''d tried to live by this motto. He never looked down on thos...', N'His mother had always taught him not to ever think of himself as better than others. He''d tried to live by this motto. He never looked down on those who were less fortunate or who had less money than him. But the stupidity of the group of people he was talking to made him change his mind.', N'https://loremflickr.com/640/360', CONVERT(bit, 'True'), CONVERT(bit, 'False'), 0, '2023-03-02 14:45:40.243')
INSERT dbo.Posts VALUES (2, 1, N'he-was-an-expert-but-not-in-a-discipline', N'He was an expert but not in a discipline', N'He was an expert but not in a discipline that anyone could fully appreciate. He knew how to hold the cone just right so that the soft server ice-cr...', N'He was an expert but not in a discipline that anyone could fully appreciate. He knew how to hold the cone just right so that the soft server ice-cream fell into it at the precise angle to form a perfect cone each and every time. It had taken years to perfect and he could now do it without even putting any thought behind it.', N'https://loremflickr.com/640/360', CONVERT(bit, 'True'), CONVERT(bit, 'True'), 0, '2023-03-02 14:45:40.317')
INSERT dbo.Posts VALUES (3, 1, N'dave-watched-as-the-forest-burned-up-on-the-hill', N'Dave watched as the forest burned up on the hill.', N'Dave watched as the forest burned up on the hill, only a few miles from her house. The car had been hastily packed and Marta was inside trying to r...', N'Dave watched as the forest burned up on the hill, only a few miles from her house. The car had been hastily packed and Marta was inside trying to round up the last of the pets. Dave went through his mental list of the most important papers and documents that they couldn''t leave behind. He scolded himself for not having prepared these better in advance and hoped that he had remembered everything that was needed. He continued to wait for Marta to appear with the pets, but she still was nowhere to be seen.', N'https://loremflickr.com/640/360', CONVERT(bit, 'True'), CONVERT(bit, 'False'), 0, '2023-03-02 14:45:40.320')
INSERT dbo.Posts VALUES (4, 1, N'all-he-wanted-was-a-candy-bar', N'All he wanted was a candy bar.', N'All he wanted was a candy bar. It didn''t seem like a difficult request to comprehend, but the clerk remained frozen and didn''t seem to want to hono...', N'All he wanted was a candy bar. It didn''t seem like a difficult request to comprehend, but the clerk remained frozen and didn''t seem to want to honor the request. It might have had something to do with the gun pointed at his face.', N'https://loremflickr.com/640/360', CONVERT(bit, 'True'), CONVERT(bit, 'True'), 0, '2023-03-02 14:45:40.323')
INSERT dbo.Posts VALUES (5, 1, N'hopes-and-dreams-were-dashed-that-day', N'Hopes and dreams were dashed that day.', N'Hopes and dreams were dashed that day. It should have been expected, but it still came as a shock. The warning signs had been ignored in favor of t...', N'Hopes and dreams were dashed that day. It should have been expected, but it still came as a shock. The warning signs had been ignored in favor of the possibility, however remote, that it could actually happen. That possibility had grown from hope to an undeniable belief it must be destiny. That was until it wasn''t and the hopes and dreams came crashing down.', N'https://loremflickr.com/640/360', CONVERT(bit, 'True'), CONVERT(bit, 'False'), 0, '2023-03-02 14:45:40.327')
INSERT dbo.Posts VALUES (6, 1, N'dave-wasnt-exactly-sure-how-he-had-ended-up', N'Dave wasn''t exactly sure how he had ended up', N'Dave wasn''t exactly sure how he had ended up in this predicament. He ran through all the events that had lead to this current situation and it stil...', N'Dave wasn''t exactly sure how he had ended up in this predicament. He ran through all the events that had lead to this current situation and it still didn''t make sense. He wanted to spend some time to try and make sense of it all, but he had higher priorities at the moment. The first was how to get out of his current situation of being naked in a tree with snow falling all around and no way for him to get down.', N'https://loremflickr.com/640/360', CONVERT(bit, 'True'), CONVERT(bit, 'True'), 0, '2023-03-02 14:45:40.330')
INSERT dbo.Posts VALUES (7, 1, N'this-is-important-to-remember', N'This is important to remember.', N'This is important to remember. Love isn''t like pie. You don''t need to divide it among all your friends and loved ones. No matter how much love you ...', N'This is important to remember. Love isn''t like pie. You don''t need to divide it among all your friends and loved ones. No matter how much love you give, you can always give more. It doesn''t run out, so don''t try to hold back giving it as if it may one day run out. Give it freely and as much as you want.', N'https://loremflickr.com/640/360', CONVERT(bit, 'True'), CONVERT(bit, 'False'), 0, '2023-03-02 14:45:40.333')
INSERT dbo.Posts VALUES (8, 1, N'one-can-cook-on-and-with-an-open-fire', N'One can cook on and with an open fire.', N'One can cook on and with an open fire. These are some of the ways to cook with fire outside. Cooking meat using a spit is a great way to evenly coo...', N'One can cook on and with an open fire. These are some of the ways to cook with fire outside. Cooking meat using a spit is a great way to evenly cook meat. In order to keep meat from burning, it''s best to slowly rotate it.', N'https://loremflickr.com/640/360', CONVERT(bit, 'True'), CONVERT(bit, 'True'), 0, '2023-03-02 14:45:40.337')
INSERT dbo.Posts VALUES (9, 1, N'there-are-different-types-of-secrets', N'There are different types of secrets.', N'There are different types of secrets. She had held onto plenty of them during her life, but this one was different. She found herself holding onto ...', N'There are different types of secrets. She had held onto plenty of them during her life, but this one was different. She found herself holding onto the worst type. It was the type of secret that could gnaw away at your insides if you didn''t tell someone about it, but it could end up getting you killed if you did.', N'https://loremflickr.com/640/360', CONVERT(bit, 'True'), CONVERT(bit, 'False'), 0, '2023-03-02 14:45:40.340')
INSERT dbo.Posts VALUES (10, 1, N'they-rushed-out-the-door', N'They rushed out the door.', N'They rushed out the door, grabbing anything and everything they could think of they might need. There was no time to double-check to make sure they...', N'They rushed out the door, grabbing anything and everything they could think of they might need. There was no time to double-check to make sure they weren''t leaving something important behind. Everything was thrown into the car and they sped off. Thirty minutes later they were safe and that was when it dawned on them that they had forgotten the most important thing of all.', N'https://loremflickr.com/640/360', CONVERT(bit, 'True'), CONVERT(bit, 'True'), 0, '2023-03-02 14:45:40.343')
INSERT dbo.Posts VALUES (11, 1, N'it-wasnt-quite-yet-time-to-panic', N'It wasn''t quite yet time to panic.', N'It wasn''t quite yet time to panic. There was still time to salvage the situation. At least that is what she was telling himself. The reality was th...', N'It wasn''t quite yet time to panic. There was still time to salvage the situation. At least that is what she was telling himself. The reality was that it was time to panic and there wasn''t time to salvage the situation, but he continued to delude himself into believing there was.', N'https://loremflickr.com/640/360', CONVERT(bit, 'True'), CONVERT(bit, 'False'), 0, '2023-03-02 14:45:40.347')
INSERT dbo.Posts VALUES (12, 1, N'she-was-aware-that-things-could-go-wrong', N'She was aware that things could go wrong.', N'She was aware that things could go wrong. In fact, she had trained her entire life in anticipation that things would go wrong one day. She had quie...', N'She was aware that things could go wrong. In fact, she had trained her entire life in anticipation that things would go wrong one day. She had quiet confidence as she started to see that this was the day that all her training would be worthwhile and useful. At this point, she had no idea just how wrong everything would go that day.', N'https://loremflickr.com/640/360', CONVERT(bit, 'True'), CONVERT(bit, 'True'), 0, '2023-03-02 14:45:40.350')
INSERT dbo.Posts VALUES (13, 1, N'she-wanted-rainbow-hair', N'She wanted rainbow hair.', N'She wanted rainbow hair. That''s what she told the hairdresser. It should be deep rainbow colors, too. She wasn''t interested in pastel rainbow hair....', N'She wanted rainbow hair. That''s what she told the hairdresser. It should be deep rainbow colors, too. She wasn''t interested in pastel rainbow hair. She wanted it deep and vibrant so there was no doubt that she had done this on purpose.', N'https://loremflickr.com/640/360', CONVERT(bit, 'True'), CONVERT(bit, 'False'), 0, '2023-03-02 14:45:40.353')
INSERT dbo.Posts VALUES (14, 1, N'the-paper-was-blank', N'The paper was blank.', N'The paper was blank. It shouldn''t have been. There should have been writing on the paper, at least a paragraph if not more. The fact that the writi...', N'The paper was blank. It shouldn''t have been. There should have been writing on the paper, at least a paragraph if not more. The fact that the writing wasn''t there was frustrating. Actually, it was even more than frustrating. It was downright distressing.', N'https://loremflickr.com/640/360', CONVERT(bit, 'True'), CONVERT(bit, 'True'), 0, '2023-03-02 14:45:40.357')
INSERT dbo.Posts VALUES (15, 1, N'the-trees-therefore-must-be-such-old', N'The trees, therefore, must be such old', N'The trees, therefore, must be such old and primitive techniques that they thought nothing of them, deeming them so inconsequential that even savage...', N'The trees, therefore, must be such old and primitive techniques that they thought nothing of them, deeming them so inconsequential that even savages like us would know of them and not be suspicious. At that, they probably didn''t have too much time after they detected us orbiting and intending to land. And if that were true, there could be only one place where their civilization was hidden.', N'https://loremflickr.com/640/360', CONVERT(bit, 'True'), CONVERT(bit, 'False'), 0, '2023-03-02 14:45:40.360')
INSERT dbo.Posts VALUES (16, 1, N'there-was-only-one-way-to-do-things-in-the-statton-house', N'There was only one way to do things in the Statton house.', N'There was only one way to do things in the Statton house. That one way was to do exactly what the father, Charlie, demanded. He made the decisions ...', N'There was only one way to do things in the Statton house. That one way was to do exactly what the father, Charlie, demanded. He made the decisions and everyone else followed without question. That was until today.', N'https://loremflickr.com/640/360', CONVERT(bit, 'True'), CONVERT(bit, 'True'), 0, '2023-03-02 14:45:40.363')
INSERT dbo.Posts VALUES (17, 1, N'she-was-in-a-hurry', N'She was in a hurry.', N'She was in a hurry. Not the standard hurry when you''re in a rush to get someplace, but a frantic hurry. The type of hurry where a few seconds could...', N'She was in a hurry. Not the standard hurry when you''re in a rush to get someplace, but a frantic hurry. The type of hurry where a few seconds could mean life or death. She raced down the road ignoring speed limits and weaving between cars. She was only a few minutes away when traffic came to a dead standstill on the road ahead.', N'https://loremflickr.com/640/360', CONVERT(bit, 'True'), CONVERT(bit, 'False'), 0, '2023-03-02 14:45:40.367')
INSERT dbo.Posts VALUES (18, 1, N'she-had-a-terrible-habit-o-comparing-her-life-to-others', N'She had a terrible habit o comparing her life to others', N'She had a terrible habit o comparing her life to others. She realized that their life experiences were completely different than her own and that s...', N'She had a terrible habit o comparing her life to others. She realized that their life experiences were completely different than her own and that she saw only what they wanted her to see, but that didn''t matter. She still compared herself and yearned for what she thought they had and she didn''t.', N'https://loremflickr.com/640/360', CONVERT(bit, 'True'), CONVERT(bit, 'True'), 0, '2023-03-02 14:45:40.370')
INSERT dbo.Posts VALUES (19, 1, N'the-rain-and-wind-abruptly-stopped', N'The rain and wind abruptly stopped.', N'The rain and wind abruptly stopped, but the sky still had the gray swirls of storms in the distance. Dave knew this feeling all too well. The calm ...', N'The rain and wind abruptly stopped, but the sky still had the gray swirls of storms in the distance. Dave knew this feeling all too well. The calm before the storm. He only had a limited amount of time before all Hell broke loose, but he stopped to admire the calmness. Maybe it would be different this time, he thought, with the knowledge deep within that it wouldn''t.', N'https://loremflickr.com/640/360', CONVERT(bit, 'True'), CONVERT(bit, 'False'), 0, '2023-03-02 14:45:40.373')
INSERT dbo.Posts VALUES (20, 1, N'he-couldnt-remember-exactly-where-he-had-read-it', N'He couldn''t remember exactly where he had read it', N'He couldn''t remember exactly where he had read it, but he was sure that he had. The fact that she didn''t believe him was quite frustrating as he be...', N'He couldn''t remember exactly where he had read it, but he was sure that he had. The fact that she didn''t believe him was quite frustrating as he began to search the Internet to find the article. It wasn''t as if it was something that seemed impossible. Yet she insisted on always seeing the source whenever he stated a fact.', N'https://loremflickr.com/640/360', CONVERT(bit, 'True'), CONVERT(bit, 'True'), 0, '2023-03-02 14:45:40.377')
INSERT dbo.Posts VALUES (21, 1, N'he-wandered-down-the-stairs-and-into-the-basement', N'He wandered down the stairs and into the basement', N'He wandered down the stairs and into the basement. The damp, musty smell of unuse hung in the air. A single, small window let in a glimmer of light...', N'He wandered down the stairs and into the basement. The damp, musty smell of unuse hung in the air. A single, small window let in a glimmer of light, but this simply made the shadows in the basement deeper. He inhaled deeply and looked around at a mess that had been accumulating for over 25 years. He was positive that this was the place he wanted to live.', N'https://loremflickr.com/640/360', CONVERT(bit, 'True'), CONVERT(bit, 'False'), 0, '2023-03-02 14:45:40.380')
INSERT dbo.Posts VALUES (22, 1, N'she-has-seen-this-scene-before', N'She has seen this scene before.', N'She has seen this scene before. It had come to her in dreams many times before. She had to pinch herself to make sure it wasn''t a dream again. As h...', N'She has seen this scene before. It had come to her in dreams many times before. She had to pinch herself to make sure it wasn''t a dream again. As her fingers squeezed against her arm, she felt the pain. It was this pain that immediately woke her up.', N'https://loremflickr.com/640/360', CONVERT(bit, 'True'), CONVERT(bit, 'True'), 0, '2023-03-02 14:45:40.383')
INSERT dbo.Posts VALUES (23, 1, N'its-an-unfortunate-reality-that-we-dont-teach-people-how-to-make-money', N'It''s an unfortunate reality that we don''t teach people how to make money', N'It''s an unfortunate reality that we don''t teach people how to make money (beyond getting a 9 to 5 job) as part of our education system. The truth i...', N'It''s an unfortunate reality that we don''t teach people how to make money (beyond getting a 9 to 5 job) as part of our education system. The truth is there are a lot of different, legitimate ways to make money. That doesn''t mean they are easy and that you won''t have to work hard to succeed, but it does mean that if you''re willing to open your mind a bit you don''t have to be stuck in an office from 9 to 5 for the next fifty years o your life.', N'https://loremflickr.com/640/360', CONVERT(bit, 'True'), CONVERT(bit, 'False'), 0, '2023-03-02 14:45:40.387')
INSERT dbo.Posts VALUES (24, 1, N'the-robot-clicked-disapprovingly', N'The robot clicked disapprovingly.', N'The robot clicked disapprovingly, gurgled briefly inside its cubical interior and extruded a pony glass of brownish liquid. "Sir, you will undoubte...', N'The robot clicked disapprovingly, gurgled briefly inside its cubical interior and extruded a pony glass of brownish liquid. "Sir, you will undoubtedly end up in a drunkard''s grave, dead of hepatic cirrhosis," it informed me virtuously as it returned my ID card. I glared as I pushed the glass across the table.', N'https://loremflickr.com/640/360', CONVERT(bit, 'True'), CONVERT(bit, 'True'), 0, '2023-03-02 14:45:40.390')
INSERT dbo.Posts VALUES (25, 1, N'it-went-through-such-rapid-contortions', N'It went through such rapid contortions', N'It went through such rapid contortions that the little bear was forced to change his hold on it so many times he became confused in the darkness, a...', N'It went through such rapid contortions that the little bear was forced to change his hold on it so many times he became confused in the darkness, and could not, for the life of him, tell whether he held the sheep right side up, or upside down. But that point was decided for him a moment later by the animal itself, who, with a sudden twist, jabbed its horns so hard into his lowest ribs that he gave a grunt of anger and disgust.', N'https://loremflickr.com/640/360', CONVERT(bit, 'True'), CONVERT(bit, 'False'), 0, '2023-03-02 14:45:40.393')
INSERT dbo.Posts VALUES (26, 1, N'she-patiently-waited-for-his-number-to-be-called', N'She patiently waited for his number to be called.', N'She patiently waited for his number to be called. She had no desire to be there, but her mom had insisted that she go. She''s resisted at first, but...', N'She patiently waited for his number to be called. She had no desire to be there, but her mom had insisted that she go. She''s resisted at first, but over time she realized it was simply easier to appease her and go. Mom tended to be that way. She would keep insisting until you wore down and did what she wanted. So, here she sat, patiently waiting for her number to be called.', N'https://loremflickr.com/640/360', CONVERT(bit, 'True'), CONVERT(bit, 'True'), 0, '2023-03-02 14:45:40.397')
INSERT dbo.Posts VALUES (27, 1, N'ten-more-steps', N'Ten more steps.', N'If he could take ten more steps it would be over, but his legs wouldn''t move. He tried to will them to work, but they wouldn''t listen to his brain....', N'If he could take ten more steps it would be over, but his legs wouldn''t move. He tried to will them to work, but they wouldn''t listen to his brain. Ten more steps and it would be over but it didn''t appear he would be able to do it.', N'https://loremflickr.com/640/360', CONVERT(bit, 'True'), CONVERT(bit, 'False'), 0, '2023-03-02 14:45:40.400')
INSERT dbo.Posts VALUES (28, 1, N'he-had-three-simple-rules-by-which-he-lived', N'He had three simple rules by which he lived.', N'He had three simple rules by which he lived. The first was to never eat blue food. There was nothing in nature that was edible that was blue. Peopl...', N'He had three simple rules by which he lived. The first was to never eat blue food. There was nothing in nature that was edible that was blue. People often asked about blueberries, but everyone knows those are actually purple. He understood it was one of the stranger rules to live by, but it had served him well thus far in the 50+ years of his life.', N'https://loremflickr.com/640/360', CONVERT(bit, 'True'), CONVERT(bit, 'True'), 0, '2023-03-02 14:45:40.403')
INSERT dbo.Posts VALUES (29, 1, N'the-chair-sat-in-the-corner-where-it-had-been', N'The chair sat in the corner where it had been', N'The chair sat in the corner where it had been for over 25 years. The only difference was there was someone actually sitting in it. How long had it ...', N'The chair sat in the corner where it had been for over 25 years. The only difference was there was someone actually sitting in it. How long had it been since someone had done that? Ten years or more he imagined. Yet there was no denying the presence in the chair now.', N'https://loremflickr.com/640/360', CONVERT(bit, 'True'), CONVERT(bit, 'False'), 0, '2023-03-02 14:45:40.407')
INSERT dbo.Posts VALUES (30, 1, N'things-arent-going-well-at-all', N'Things aren''t going well at all', N'Things aren''t going well at all with mom today. She is just a limp noodle and wants to sleep all the time. I sure hope that things get better soon.', N'Things aren''t going well at all with mom today. She is just a limp noodle and wants to sleep all the time. I sure hope that things get better soon.', N'https://loremflickr.com/640/360', CONVERT(bit, 'True'), CONVERT(bit, 'True'), 0, '2023-03-02 14:45:40.410')
INSERT dbo.Posts VALUES (31, 1, N'it-was-just-a-burger', N'It was just a burger.', N'It was just a burger. Why couldn''t she understand that? She knew he''d completely changed his life around her eating habits, so why couldn''t she giv...', N'It was just a burger. Why couldn''t she understand that? She knew he''d completely changed his life around her eating habits, so why couldn''t she give him a break this one time? She wasn''t even supposed to have found out. Yes, he had promised her and yes, he had broken that promise, but still in his mind, all it had been was just a burger.', N'https://loremflickr.com/640/360', CONVERT(bit, 'True'), CONVERT(bit, 'False'), 0, '2023-03-02 14:45:40.413')
INSERT dbo.Posts VALUES (32, 1, N'he-swung-back-the-fishing-pole-and-cast-the-line', N'He swung back the fishing pole and cast the line', N'He swung back the fishing pole and cast the line which ell 25 feet away into the river. The lure landed in the perfect spot and he was sure he woul...', N'He swung back the fishing pole and cast the line which ell 25 feet away into the river. The lure landed in the perfect spot and he was sure he would soon get a bite. He never expected that the bite would come from behind in the form of a bear.', N'https://loremflickr.com/640/360', CONVERT(bit, 'True'), CONVERT(bit, 'True'), 0, '2023-03-02 14:45:40.417')
INSERT dbo.Posts VALUES (33, 1, N'he-lifted-the-bottle-to-his-lips-and-took-a-sip', N'He lifted the bottle to his lips and took a sip', N'He lifted the bottle to his lips and took a sip of the drink. He had tasted this before, but he couldn''t quite remember the time and place it had h...', N'He lifted the bottle to his lips and took a sip of the drink. He had tasted this before, but he couldn''t quite remember the time and place it had happened. He desperately searched his mind trying to locate and remember where he had tasted this when the bicycle ran over his foot.', N'https://loremflickr.com/640/360', CONVERT(bit, 'True'), CONVERT(bit, 'False'), 0, '2023-03-02 14:45:40.420')
INSERT dbo.Posts VALUES (34, 1, N'debbie-had-taken-george-for-granted', N'Debbie had taken George for granted', N'Debbie had taken George for granted for more than fifteen years now. He wasn''t sure what exactly had made him choose this time and place to address...', N'Debbie had taken George for granted for more than fifteen years now. He wasn''t sure what exactly had made him choose this time and place to address the issue, but he decided that now was the time. He looked straight into her eyes and just as she was about to speak, turned away and walked out the door.', N'https://loremflickr.com/640/360', CONVERT(bit, 'True'), CONVERT(bit, 'True'), 0, '2023-03-02 14:45:40.423')
INSERT dbo.Posts VALUES (35, 1, N'she-sat-deep-in-thought', N'She sat deep in thought.', N'She sat deep in thought. The next word that came out o her mouth would likely be the most important word of her life. It had to be exact with no po...', N'She sat deep in thought. The next word that came out o her mouth would likely be the most important word of her life. It had to be exact with no possibility of being misinterpreted. She was ready. She looked deeply into his eyes and said, "Octopus."', N'https://loremflickr.com/640/360', CONVERT(bit, 'True'), CONVERT(bit, 'False'), 0, '2023-03-02 14:45:40.427')
INSERT dbo.Posts VALUES (36, 1, N'the-leather-jacked-showed-the-scars', N'The leather jacked showed the scars', N'The leather jacked showed the scars of being his favorite for years. It wore those scars with pride, feeling that they enhanced his presence rather...', N'The leather jacked showed the scars of being his favorite for years. It wore those scars with pride, feeling that they enhanced his presence rather than diminishing it. The scars gave it character and had not overwhelmed to the point that it had become ratty. The jacket was in its prime and it knew it.', N'https://loremflickr.com/640/360', CONVERT(bit, 'True'), CONVERT(bit, 'True'), 0, '2023-03-02 14:45:40.430')
INSERT dbo.Posts VALUES (37, 1, N'there-was-no-time', N'There was no time.', N'There was no time. He ran out of the door without half the stuff he needed for work, but it didn''t matter. He was late and if he didn''t make this m...', N'There was no time. He ran out of the door without half the stuff he needed for work, but it didn''t matter. He was late and if he didn''t make this meeting on time, someone''s life may be in danger.', N'https://loremflickr.com/640/360', CONVERT(bit, 'True'), CONVERT(bit, 'False'), 0, '2023-03-02 14:45:40.433')
INSERT dbo.Posts VALUES (38, 1, N'he-collected-the-plastic-trash-on-a-daily-basis', N'He collected the plastic trash on a daily basis.', N'He collected the plastic trash on a daily basis. It never seemed to end. Even if he cleaned the entire beach, more plastic would cover it the next ...', N'He collected the plastic trash on a daily basis. It never seemed to end. Even if he cleaned the entire beach, more plastic would cover it the next day after the tide had come in. Although it was a futile effort that would never be done, he continued to pick up the trash each day.', N'https://loremflickr.com/640/360', CONVERT(bit, 'True'), CONVERT(bit, 'True'), 0, '2023-03-02 14:45:40.437')
INSERT dbo.Posts VALUES (39, 1, N'it-was-so-great-to-hear-from-you-today', N'It was so great to hear from you today', N'"It was so great to hear from you today and it was such weird timing," he said. "This is going to sound funny and a little strange, but you were in...', N'"It was so great to hear from you today and it was such weird timing," he said. "This is going to sound funny and a little strange, but you were in a dream I had just a couple of days ago. I''d love to get together and tell you about it if you''re up for a cup of coffee," he continued, laying the trap he''d been planning for years.', N'https://loremflickr.com/640/360', CONVERT(bit, 'True'), CONVERT(bit, 'False'), 0, '2023-03-02 14:45:40.440')
INSERT dbo.Posts VALUES (40, 1, N'have-you-ever-wondered-about-toes', N'Have you ever wondered about toes?', N'Why 10 toes and not 12. Why are some bigger than others? Some people can use their toes to pick up things while others can barely move them on comm...', N'Why 10 toes and not 12. Why are some bigger than others? Some people can use their toes to pick up things while others can barely move them on command. Some toes are nice to look at while others are definitely not something you want to look at. Toes can be stubbed and make us scream. Toes help us balance and walk. 10 toes are just something to ponder.', N'https://loremflickr.com/640/360', CONVERT(bit, 'True'), CONVERT(bit, 'True'), 0, '2023-03-02 14:45:40.443')
INSERT dbo.Posts VALUES (41, 1, N'his-parents-continued-to-question-him', N'His parents continued to question him.', N'He didn''t know what to say to them since they refused to believe the truth. He explained again and again, and they dismissed his explanation as a f...', N'He didn''t know what to say to them since they refused to believe the truth. He explained again and again, and they dismissed his explanation as a figment of his imagination. There was no way that grandpa, who had been dead for five years, could have told him where the treasure had been hidden. Of course, it didn''t help that grandpa was roaring with laughter in the chair next to him as he tried to explain once again how he''d found it.', N'https://loremflickr.com/640/360', CONVERT(bit, 'True'), CONVERT(bit, 'False'), 0, '2023-03-02 14:45:40.447')
INSERT dbo.Posts VALUES (42, 1, N'you-know-that-tingly-feeling-you-get-on-the-back-of-your-neck-sometimes', N'You know that tingly feeling you get on the back of your neck sometimes?', N'You know that tingly feeling you get on the back of your neck sometimes? I just got that feeling when talking with her. You know I don''t believe in...', N'You know that tingly feeling you get on the back of your neck sometimes? I just got that feeling when talking with her. You know I don''t believe in sixth senses, but there is something not right with her. I don''t know how I know, but I just do.', N'https://loremflickr.com/640/360', CONVERT(bit, 'True'), CONVERT(bit, 'True'), 0, '2023-03-02 14:45:40.450')
INSERT dbo.Posts VALUES (43, 1, N'explain-to-me-again-why-i-shouldnt-cheat', N'Explain to me again why I shouldn''t cheat?', N'"Explain to me again why I shouldn''t cheat?" he asked. "All the others do and nobody ever gets punished for doing so. I should go about being happy...', N'"Explain to me again why I shouldn''t cheat?" he asked. "All the others do and nobody ever gets punished for doing so. I should go about being happy losing to cheaters because I know that I don''t? That''s what you''re telling me?"', N'https://loremflickr.com/640/360', CONVERT(bit, 'True'), CONVERT(bit, 'False'), 0, '2023-03-02 14:45:40.453')
INSERT dbo.Posts VALUES (44, 1, N'a-long-black-shadow-slid-across-the-pavement', N'A long black shadow slid across the pavement', N'A long black shadow slid across the pavement near their feet and the five Venusians, very much startled, looked overhead. They were barely in time ...', N'A long black shadow slid across the pavement near their feet and the five Venusians, very much startled, looked overhead. They were barely in time to see the huge gray form of the carnivore before it vanished behind a sign atop a nearby building which bore the mystifying information "Pepsi-Cola."', N'https://loremflickr.com/640/360', CONVERT(bit, 'True'), CONVERT(bit, 'True'), 0, '2023-03-02 14:45:40.457')
INSERT dbo.Posts VALUES (45, 1, N'the-red-line-moved-across-the-page', N'The red line moved across the page.', N'The red line moved across the page. With each millimeter it advanced forward, something changed in the room. The actual change taking place was dif...', N'The red line moved across the page. With each millimeter it advanced forward, something changed in the room. The actual change taking place was difficult to perceive, but the change was real. The red line continued relentlessly across the page and the room would never be the same.', N'https://loremflickr.com/640/360', CONVERT(bit, 'True'), CONVERT(bit, 'False'), 0, '2023-03-02 14:45:40.460')
INSERT dbo.Posts VALUES (46, 1, N'the-clowns-had-taken-over-and-yes-they-were-literally-clowns', N'The clowns had taken over. And yes, they were literally clowns.', N'The clowns had taken over. And yes, they were literally clowns. Over 100 had appeared out of a small VW bug that had been driven up to the bank. No...', N'The clowns had taken over. And yes, they were literally clowns. Over 100 had appeared out of a small VW bug that had been driven up to the bank. Now they were all inside and had taken it over.', N'https://loremflickr.com/640/360', CONVERT(bit, 'True'), CONVERT(bit, 'True'), 0, '2023-03-02 14:45:40.463')
INSERT dbo.Posts VALUES (47, 1, N'the-shoes-had-been-there-for-as-long-as-anyone-could-remember', N'The shoes had been there for as long as anyone could remember.', N'The shoes had been there for as long as anyone could remember. In fact, it was difficult for anyone to come up with a date they had first appeared....', N'The shoes had been there for as long as anyone could remember. In fact, it was difficult for anyone to come up with a date they had first appeared. It had seemed they''d always been there and yet they seemed so out of place. Why nobody had removed them was a question that had been asked time and again, but while they all thought it, nobody had ever found the energy to actually do it.', N'https://loremflickr.com/640/360', CONVERT(bit, 'True'), CONVERT(bit, 'False'), 0, '2023-03-02 14:45:40.467')
INSERT dbo.Posts VALUES (48, 1, N'trees-it-was-something-about-the-trees', N'Trees. It was something about the trees.', N'Trees. It was something about the trees. The way they swayed with the wind in unison. The way they shaded the area around them. The sounds of their...', N'Trees. It was something about the trees. The way they swayed with the wind in unison. The way they shaded the area around them. The sounds of their leaves in the wind and the creaks from the branches as they sway, The trees were making a statement that I just couldn''t understand.', N'https://loremflickr.com/640/360', CONVERT(bit, 'True'), CONVERT(bit, 'True'), 0, '2023-03-02 14:45:40.470')
INSERT dbo.Posts VALUES (49, 1, N'sometimes-its-just-better-not-to-be-seen', N'Sometimes it''s just better not to be seen.', N'Sometimes it''s just better not to be seen. That''s how Harry had always lived his life. He prided himself as being the fly on the wall and the fae t...', N'Sometimes it''s just better not to be seen. That''s how Harry had always lived his life. He prided himself as being the fly on the wall and the fae that blended into the crowd. That''s why he was so shocked that she noticed him.', N'https://loremflickr.com/640/360', CONVERT(bit, 'True'), CONVERT(bit, 'False'), 0, '2023-03-02 14:45:40.473')
INSERT dbo.Posts VALUES (50, 1, N'it-was-a-concerning-development-that-he-couldnt-get-out-of-his-mind', N'It was a concerning development that he couldn''t get out of his mind.', N'He''d had many friends throughout his early years and had fond memories of playing with them, but he couldn''t understand how it had all stopped. The...', N'He''d had many friends throughout his early years and had fond memories of playing with them, but he couldn''t understand how it had all stopped. There was some point as he grew up that he played with each of his friends for the very last time, and he had no idea that it would be the last.', N'https://loremflickr.com/640/360', CONVERT(bit, 'True'), CONVERT(bit, 'True'), 0, '2023-03-02 14:45:40.477')
INSERT dbo.Posts VALUES (51, 1, N'the-towels-had-been-hanging-from-the-rod-for-years', N'The towels had been hanging from the rod for years.', N'The towels had been hanging from the rod for years. They were stained and worn, and quite frankly, just plain ugly. Debra didn''t want to touch them...', N'The towels had been hanging from the rod for years. They were stained and worn, and quite frankly, just plain ugly. Debra didn''t want to touch them but she really didn''t have a choice. It was important for her to see what was living within them.', N'https://loremflickr.com/640/360', CONVERT(bit, 'True'), CONVERT(bit, 'False'), 0, '2023-03-02 14:45:40.480')
INSERT dbo.Posts VALUES (52, 1, N'the-headache-wouldnt-go-away', N'The headache wouldn''t go away.', N'The headache wouldn''t go away. She''s taken medicine but even that didn''t help. The monstrous throbbing in her head continued. She had this happen t...', N'The headache wouldn''t go away. She''s taken medicine but even that didn''t help. The monstrous throbbing in her head continued. She had this happen to her only once before in her life and she realized that only one thing could be happening.', N'https://loremflickr.com/640/360', CONVERT(bit, 'True'), CONVERT(bit, 'True'), 0, '2023-03-02 14:45:40.483')
INSERT dbo.Posts VALUES (53, 1, N'the-young-man-wanted-a-role-model', N'The young man wanted a role model.', N'The young man wanted a role model. He looked long and hard in his youth, but that role model never materialized. His only choice was to embrace all...', N'The young man wanted a role model. He looked long and hard in his youth, but that role model never materialized. His only choice was to embrace all the people in his life he didn''t want to be like.', N'https://loremflickr.com/640/360', CONVERT(bit, 'True'), CONVERT(bit, 'False'), 0, '2023-03-02 14:45:40.487')
INSERT dbo.Posts VALUES (54, 1, N'debbie-knew-she-was-being-selfish', N'Debbie knew she was being selfish', N'Debbie knew she was being selfish and unreasonable. She understood why the others in the room were angry and frustrated with her and the way she wa...', N'Debbie knew she was being selfish and unreasonable. She understood why the others in the room were angry and frustrated with her and the way she was acting. In her eyes, it didn''t really matter how they felt because she simply didn''t care.', N'https://loremflickr.com/640/360', CONVERT(bit, 'True'), CONVERT(bit, 'True'), 0, '2023-03-02 14:45:40.490')
INSERT dbo.Posts VALUES (55, 1, N'she-tried-to-explain-that-love-wasnt-like-pie', N'She tried to explain that love wasn''t like pie.', N'She tried to explain that love wasn''t like pie. There wasn''t a set number of slices to be given out. There wasn''t less to be given to one person if...', N'She tried to explain that love wasn''t like pie. There wasn''t a set number of slices to be given out. There wasn''t less to be given to one person if you wanted to give more to another. That after a set amount was given out it would all disappear. She tried to explain this, but it fell on deaf ears.', N'https://loremflickr.com/640/360', CONVERT(bit, 'True'), CONVERT(bit, 'False'), 0, '2023-03-02 14:45:40.493')
INSERT dbo.Posts VALUES (56, 1, N'the-house-was-located-at-the-top-of-the-hill', N'The house was located at the top of the hill', N'The house was located at the top of the hill at the end of a winding road. It wasn''t obvious that the house was there, but everyone in town knew th...', N'The house was located at the top of the hill at the end of a winding road. It wasn''t obvious that the house was there, but everyone in town knew that it existed. They were just all too afraid to ever go and see it in person.', N'https://loremflickr.com/640/360', CONVERT(bit, 'True'), CONVERT(bit, 'True'), 0, '2023-03-02 14:45:40.493')
INSERT dbo.Posts VALUES (57, 1, N'it-seemed-like-it-should-have-been-so-simple', N'It seemed like it should have been so simple.', N'It seemed like it should have been so simple. There was nothing inherently difficult with getting the project done. It was simple and straightforwa...', N'It seemed like it should have been so simple. There was nothing inherently difficult with getting the project done. It was simple and straightforward enough that even a child should have been able to complete it on time, but that wasn''t the case. The deadline had arrived and the project remained unfinished.', N'https://loremflickr.com/640/360', CONVERT(bit, 'True'), CONVERT(bit, 'False'), 0, '2023-03-02 14:45:40.497')
INSERT dbo.Posts VALUES (58, 1, N'balloons-are-pretty-and-come-in-different-colors', N'Balloons are pretty and come in different colors', N'Balloons are pretty and come in different colors, different shapes, different sizes, and they can even adjust sizes as needed. But don''t make them ...', N'Balloons are pretty and come in different colors, different shapes, different sizes, and they can even adjust sizes as needed. But don''t make them too big or they might just pop, and then bye-bye balloon. It''ll be gone and lost for the rest of mankind. They can serve a variety of purposes, from decorating to water balloon wars. You just have to use your head to think a little bit about what to do with them.', N'https://loremflickr.com/640/360', CONVERT(bit, 'True'), CONVERT(bit, 'True'), 0, '2023-03-02 14:45:40.500')
INSERT dbo.Posts VALUES (59, 1, N'she-looked-at-her-student-wondering-if-she-could-ever-get-through', N'She looked at her student wondering if she could ever get through.', N'She looked at her student wondering if she could ever get through. "You need to learn to think for yourself," she wanted to tell him. "Your friends...', N'She looked at her student wondering if she could ever get through. "You need to learn to think for yourself," she wanted to tell him. "Your friends are holding you back and bringing you down." But she didn''t because she knew his friends were all that he had and even if that meant a life of misery, he would never give them up.', N'https://loremflickr.com/640/360', CONVERT(bit, 'True'), CONVERT(bit, 'False'), 0, '2023-03-02 14:45:40.503')
INSERT dbo.Posts VALUES (60, 1, N'he-heard-the-crack-echo-in-the-late-afternoon-about-a-mile-away', N'He heard the crack echo in the late afternoon about a mile away.', N'He heard the crack echo in the late afternoon about a mile away. His heart started racing and he bolted into a full sprint. "It wasn''t a gunshot, i...', N'He heard the crack echo in the late afternoon about a mile away. His heart started racing and he bolted into a full sprint. "It wasn''t a gunshot, it wasn''t a gunshot," he repeated under his breathlessness as he continued to sprint.', N'https://loremflickr.com/640/360', CONVERT(bit, 'True'), CONVERT(bit, 'True'), 0, '2023-03-02 14:45:40.507')
INSERT dbo.Posts VALUES (61, 1, N'im-going-to-hire-professional-help-tomorrow', N'I''m going to hire professional help tomorrow.', N'I''m going to hire professional help tomorrow. I can''t handle this anymore. She fell over the coffee table and now there is blood in her catheter. T...', N'I''m going to hire professional help tomorrow. I can''t handle this anymore. She fell over the coffee table and now there is blood in her catheter. This is much more than I ever signed up to do.', N'https://loremflickr.com/640/360', CONVERT(bit, 'True'), CONVERT(bit, 'False'), 0, '2023-03-02 14:45:40.510')
INSERT dbo.Posts VALUES (62, 1, N'he-watched-as-the-young-man-tried', N'He watched as the young man tried', N'He watched as the young man tried to impress everyone in the room with his intelligence. There was no doubt that he was smart. The fact that he was...', N'He watched as the young man tried to impress everyone in the room with his intelligence. There was no doubt that he was smart. The fact that he was more intelligent than anyone else in the room could have been easily deduced, but nobody was really paying any attention due to the fact that it was also obvious that the young man only cared about his intelligence.', N'https://loremflickr.com/640/360', CONVERT(bit, 'True'), CONVERT(bit, 'True'), 0, '2023-03-02 14:45:40.513')
INSERT dbo.Posts VALUES (63, 1, N'many-people-say-that-life-isnt-like-a-bed-of-roses', N'Many people say that life isn''t like a bed of roses.', N'Many people say that life isn''t like a bed of roses. I beg to differ. I think that life is quite like a bed of roses. Just like life, a bed of rose...', N'Many people say that life isn''t like a bed of roses. I beg to differ. I think that life is quite like a bed of roses. Just like life, a bed of roses looks pretty on the outside, but when you''re in it, you find that it is nothing but thorns and pain. I myself have been pricked quite badly.', N'https://loremflickr.com/640/360', CONVERT(bit, 'True'), CONVERT(bit, 'False'), 0, '2023-03-02 14:45:40.517')
INSERT dbo.Posts VALUES (64, 1, N'there-are-only-three-ways-to-make-this-work', N'There are only three ways to make this work.', N'There are only three ways to make this work. The first is to let me take care of everything. The second is for you to take care of everything. The ...', N'There are only three ways to make this work. The first is to let me take care of everything. The second is for you to take care of everything. The third is to split everything 50 / 50. I think the last option is the most preferable, but I''m certain it''ll also mean the end of our marriage.', N'https://loremflickr.com/640/360', CONVERT(bit, 'True'), CONVERT(bit, 'True'), 0, '2023-03-02 14:45:40.520')
INSERT dbo.Posts VALUES (65, 1, N'time-is-all-relative-based-on-age-and-experience', N'Time is all relative based on age and experience.', N'As a middle-aged adult, time flies by as you watch your children grow up. And finally, as you get old and you have fewer responsibilities and fewer...', N'As a middle-aged adult, time flies by as you watch your children grow up. And finally, as you get old and you have fewer responsibilities and fewer demands on you, time slows. You appreciate each day and are thankful you are alive. An hour is the same amount of time for everyone yet it can feel so different in how it goes by.', N'https://loremflickr.com/640/360', CONVERT(bit, 'True'), CONVERT(bit, 'False'), 0, '2023-03-02 14:45:40.523')
INSERT dbo.Posts VALUES (66, 1, N'time-is-all-relative-based-on-age-and-experience', N'Time is all relative based on age and experience.', N'When you are a child an hour is a long time to wait but a very short time when that’s all the time you are allowed on your iPad. As a teenager time...', N'When you are a child an hour is a long time to wait but a very short time when that’s all the time you are allowed on your iPad. As a teenager time goes faster the more deadlines you have and the more you procrastinate. As a young adult, you think you have forever to live and don’t appreciate the time you spend with others.', N'https://loremflickr.com/640/360', CONVERT(bit, 'True'), CONVERT(bit, 'True'), 0, '2023-03-02 14:45:40.527')
INSERT dbo.Posts VALUES (67, 1, N'welcome-to-my-world', N'Welcome to my world.', N'You will be greeted by the unexpected here and your mind will be challenged and expanded in ways that you never thought possible. That is if you ar...', N'You will be greeted by the unexpected here and your mind will be challenged and expanded in ways that you never thought possible. That is if you are able to survive...', N'https://loremflickr.com/640/360', CONVERT(bit, 'True'), CONVERT(bit, 'False'), 0, '2023-03-02 14:45:40.530')
INSERT dbo.Posts VALUES (68, 1, N'she-sat-down-with-her-notebook-in-her-hand', N'She sat down with her notebook in her hand', N'She sat down with her notebook in her hand, her mind wandering to faraway places. She paused and considered all that had happened. It hadn''t gone a...', N'She sat down with her notebook in her hand, her mind wandering to faraway places. She paused and considered all that had happened. It hadn''t gone as expected. When the day began she thought it was going to be a bad one, but as she sat recalling the day''s events to write them down, she had to admit, it had been a rather marvelous day.', N'https://loremflickr.com/640/360', CONVERT(bit, 'True'), CONVERT(bit, 'True'), 0, '2023-03-02 14:45:40.533')
INSERT dbo.Posts VALUES (69, 1, N'the-wave-roared-towards-them-with-speed-and-violence-they-had-not-anticipated', N'The wave roared towards them with speed and violence they had not anticipated.', N'The wave roared towards them with speed and violence they had not anticipated. They both turned to run but by that time it was too late. The wave c...', N'The wave roared towards them with speed and violence they had not anticipated. They both turned to run but by that time it was too late. The wave crashed into their legs sweeping both of them off of their feet. They now found themselves in a washing machine of saltwater, getting tumbled and not know what was up or down.', N'https://loremflickr.com/640/360', CONVERT(bit, 'True'), CONVERT(bit, 'False'), 0, '2023-03-02 14:45:40.537')
INSERT dbo.Posts VALUES (70, 1, N'sometimes-there-isnt-a-good-answer', N'Sometimes there isn''t a good answer.', N'Sometimes there isn''t a good answer. No matter how you try to rationalize the outcome, it doesn''t make sense. And instead of an answer, you are sim...', N'Sometimes there isn''t a good answer. No matter how you try to rationalize the outcome, it doesn''t make sense. And instead of an answer, you are simply left with a question. Why?', N'https://loremflickr.com/640/360', CONVERT(bit, 'True'), CONVERT(bit, 'True'), 0, '2023-03-02 14:45:40.540')
INSERT dbo.Posts VALUES (71, 1, N'he-knew-what-he-was-supposed-to-do', N'He knew what he was supposed to do.', N'He knew what he was supposed to do. That had been apparent from the beginning. That was what made the choice so difficult. What he was supposed to ...', N'He knew what he was supposed to do. That had been apparent from the beginning. That was what made the choice so difficult. What he was supposed to do and what he would do were not the same. This would have been fine if he were willing to face the inevitable consequences, but he wasn''t.', N'https://loremflickr.com/640/360', CONVERT(bit, 'True'), CONVERT(bit, 'False'), 0, '2023-03-02 14:45:40.543')
INSERT dbo.Posts VALUES (72, 1, N'the-words-hadnt-flowed-from-his-fingers', N'The words hadn''t flowed from his fingers', N'The words hadn''t flowed from his fingers for the past few weeks. He never imagined he''d find himself with writer''s block, but here he sat with a bl...', N'The words hadn''t flowed from his fingers for the past few weeks. He never imagined he''d find himself with writer''s block, but here he sat with a blank screen in front of him.', N'https://loremflickr.com/640/360', CONVERT(bit, 'True'), CONVERT(bit, 'True'), 0, '2023-03-02 14:45:40.547')
INSERT dbo.Posts VALUES (73, 1, N'it-was-difficult-to-explain-to-them', N'It was difficult to explain to them', N'It was difficult to explain to them how the diagnosis of certain death had actually given him life. While everyone around him was in tears and upse...', N'It was difficult to explain to them how the diagnosis of certain death had actually given him life. While everyone around him was in tears and upset, he actually felt more at ease. The doctor said it would be less than a year. That gave him a year to live, something he''d failed to do with his daily drudgery of a routine that had passed as life until then.', N'https://loremflickr.com/640/360', CONVERT(bit, 'True'), CONVERT(bit, 'False'), 0, '2023-03-02 14:45:40.550')
INSERT dbo.Posts VALUES (74, 1, N'he-couldnt-move-his-head-throbbed-and-spun', N'He couldn''t move. His head throbbed and spun.', N'He couldn''t move. His head throbbed and spun. He couldn''t decide if it was the flu or the drinking last night. It was probably a combination of both.', N'He couldn''t move. His head throbbed and spun. He couldn''t decide if it was the flu or the drinking last night. It was probably a combination of both.', N'https://loremflickr.com/640/360', CONVERT(bit, 'True'), CONVERT(bit, 'True'), 0, '2023-03-02 14:45:40.553')
INSERT dbo.Posts VALUES (75, 1, N'there-was-something-beautiful-in-his-hate', N'There was something beautiful in his hate.', N'There was something beautiful in his hate. It wasn''t the hate itself as it was a disgusting display of racism and intolerance. It was what propelle...', N'There was something beautiful in his hate. It wasn''t the hate itself as it was a disgusting display of racism and intolerance. It was what propelled the hate and the fact that although he had this hate, he didn''t understand where it came from. It was at that moment that she realized that there was hope in changing him.', N'https://loremflickr.com/640/360', CONVERT(bit, 'True'), CONVERT(bit, 'False'), 0, '2023-03-02 14:45:40.557')
INSERT dbo.Posts VALUES (76, 1, N'her-mom-had-warned-her', N'Her mom had warned her.', N'Her mom had warned her. She had been warned time and again, but she had refused to believe her. She had done everything right and she knew she woul...', N'Her mom had warned her. She had been warned time and again, but she had refused to believe her. She had done everything right and she knew she would be rewarded for doing so with the promotion.', N'https://loremflickr.com/640/360', CONVERT(bit, 'True'), CONVERT(bit, 'True'), 0, '2023-03-02 14:45:40.560')
INSERT dbo.Posts VALUES (77, 1, N'she-nervously-peered-over-the-edge', N'She nervously peered over the edge.', N'She nervously peered over the edge. She understood in her mind that the view was supposed to be beautiful, but all she felt was fear. There had alw...', N'She nervously peered over the edge. She understood in her mind that the view was supposed to be beautiful, but all she felt was fear. There had always been something about heights that disturbed her, and now she could feel the full force of this unease.', N'https://loremflickr.com/640/360', CONVERT(bit, 'True'), CONVERT(bit, 'False'), 0, '2023-03-02 14:45:40.563')
INSERT dbo.Posts VALUES (78, 1, N'the-thing-thats-great-about-this-job', N'The thing that''s great about this job', N'The thing that''s great about this job is the time sourcing the items involves no traveling. I just look online to buy it. It''s really as simple as ...', N'The thing that''s great about this job is the time sourcing the items involves no traveling. I just look online to buy it. It''s really as simple as that. While everyone else is searching for what they can sell, I sit in front of my computer and buy better stuff for less money and spend a fraction of the time doing it.', N'https://loremflickr.com/640/360', CONVERT(bit, 'True'), CONVERT(bit, 'True'), 0, '2023-03-02 14:45:40.567')
INSERT dbo.Posts VALUES (79, 1, N'it-was-a-simple-tip-of-the-hat', N'It was a simple tip of the hat', N'Grace didn''t think that anyone else besides her had even noticed it. It wasn''t anything that the average person would notice, let alone remember at...', N'Grace didn''t think that anyone else besides her had even noticed it. It wasn''t anything that the average person would notice, let alone remember at the end of the day.', N'https://loremflickr.com/640/360', CONVERT(bit, 'True'), CONVERT(bit, 'False'), 0, '2023-03-02 14:45:40.570')
INSERT dbo.Posts VALUES (80, 1, N'cake-or-pie', N'Cake or pie?', N'I can tell a lot about you by which one you pick. It may seem silly, but cake people and pie people are really different. I know which one I hope y...', N'I can tell a lot about you by which one you pick. It may seem silly, but cake people and pie people are really different. I know which one I hope you are, but that''s not for me to decide. So, what is it? Cake or pie?', N'https://loremflickr.com/640/360', CONVERT(bit, 'True'), CONVERT(bit, 'True'), 0, '2023-03-02 14:45:40.573')
INSERT dbo.Posts VALUES (81, 1, N'there-was-something-in-the-tree', N'There was something in the tree.', N'There was something in the tree. It was difficult to tell from the ground, but Rachael could see movement. She squinted her eyes and peered in the ...', N'There was something in the tree. It was difficult to tell from the ground, but Rachael could see movement. She squinted her eyes and peered in the direction of the movement, trying to decipher exactly what she had spied.', N'https://loremflickr.com/640/360', CONVERT(bit, 'True'), CONVERT(bit, 'False'), 0, '2023-03-02 14:45:40.577')
INSERT dbo.Posts VALUES (82, 1, N'pink-ponies-and-purple-giraffes-roamed-the-field', N'Pink ponies and purple giraffes roamed the field.', N'Pink ponies and purple giraffes roamed the field. Cotton candy grew from the ground as a chocolate river meandered off to the side. What looked lik...', N'Pink ponies and purple giraffes roamed the field. Cotton candy grew from the ground as a chocolate river meandered off to the side. What looked like stones in the pasture were actually rock candy. Everything in her dream seemed to be perfect except for the fact that she had no mouth.', N'https://loremflickr.com/640/360', CONVERT(bit, 'True'), CONVERT(bit, 'True'), 0, '2023-03-02 14:45:40.580')
INSERT dbo.Posts VALUES (83, 1, N'are-you-getting-my-texts', N'Are you getting my texts???', N'"Are you getting my texts???" she texted to him. He glanced at it and chuckled under his breath. Of course he was getting them, but if he wasn''t ge...', N'"Are you getting my texts???" she texted to him. He glanced at it and chuckled under his breath. Of course he was getting them, but if he wasn''t getting them, how would he ever be able to answer? He put the phone down and continued on his project. He was ignoring her texts and he planned to continue to do so.', N'https://loremflickr.com/640/360', CONVERT(bit, 'True'), CONVERT(bit, 'False'), 0, '2023-03-02 14:45:40.583')
INSERT dbo.Posts VALUES (84, 1, N'he-stepped-away-from-the-mic-this-was-the-best-take-he-had-done-so-far', N'He stepped away from the mic. This was the best take he had done so far', N'He stepped away from the mic. This was the best take he had done so far, but something seemed missing. Then it struck him all at once. Visuals ran ...', N'He stepped away from the mic. This was the best take he had done so far, but something seemed missing. Then it struck him all at once. Visuals ran in front of his eyes and music rang in his ears. His eager fingers went to work in an attempt to capture his thoughts hoping the results would produce something that was at least half their glory.', N'https://loremflickr.com/640/360', CONVERT(bit, 'True'), CONVERT(bit, 'True'), 0, '2023-03-02 14:45:40.587')
INSERT dbo.Posts VALUES (85, 1, N'the-choice-was-red-green-or-blue', N'The choice was red, green, or blue.', N'It didn''t seem like an important choice when he was making it, but it was a choice nonetheless. Had he known the consequences at that time, he woul...', N'It didn''t seem like an important choice when he was making it, but it was a choice nonetheless. Had he known the consequences at that time, he would likely have considered the choice a bit longer. In the end, he didn''t and ended up choosing blue.', N'https://loremflickr.com/640/360', CONVERT(bit, 'True'), CONVERT(bit, 'False'), 0, '2023-03-02 14:45:40.590')
INSERT dbo.Posts VALUES (86, 1, N'he-picked-up-the-burnt-end-of-the-branch-and-made-a-mark-on-the-stone', N'He picked up the burnt end of the branch and made a mark on the stone.', N'Day 52 if the marks on the stone were accurate. He couldn''t be sure. Day and nights had begun to blend together creating confusion, but he knew it ...', N'Day 52 if the marks on the stone were accurate. He couldn''t be sure. Day and nights had begun to blend together creating confusion, but he knew it was a long time. Much too long.', N'https://loremflickr.com/640/360', CONVERT(bit, 'True'), CONVERT(bit, 'True'), 0, '2023-03-02 14:45:40.593')
INSERT dbo.Posts VALUES (87, 1, N'the-red-glint-of-paint-sparkled-under-the-sun', N'The red glint of paint sparkled under the sun.', N'He had dreamed of owning this car since he was ten, and that dream had become a reality less than a year ago. It was his baby and he spent hours ca...', N'He had dreamed of owning this car since he was ten, and that dream had become a reality less than a year ago. It was his baby and he spent hours caring for it, pampering it, and fondling over it. She knew this all too well, and that''s exactly why she had taken a sludge hammer to it.', N'https://loremflickr.com/640/360', CONVERT(bit, 'True'), CONVERT(bit, 'False'), 0, '2023-03-02 14:45:40.597')
INSERT dbo.Posts VALUES (88, 1, N'there-were-little-things-that-she-simply-could-not-stand', N'There were little things that she simply could not stand.', N'There were little things that she simply could not stand. The sound of someone tapping their nails on the table. A person chewing with their mouth ...', N'There were little things that she simply could not stand. The sound of someone tapping their nails on the table. A person chewing with their mouth open. Another human imposing themselves into her space. She couldn''t stand any of these things, but none of them compared to the number one thing she couldn''t stand which topped all of them combined.', N'https://loremflickr.com/640/360', CONVERT(bit, 'True'), CONVERT(bit, 'True'), 0, '2023-03-02 14:45:40.600')
INSERT dbo.Posts VALUES (89, 1, N'on-saturday-nights-i-would-sit-by-the-phone', N'On Saturday nights I would sit by the phone', N'in the lobby, waiting for Naoko to call. Most of the others were out, so the lobby was usually deserted. I would stare at the grains of light suspe...', N'in the lobby, waiting for Naoko to call. Most of the others were out, so the lobby was usually deserted. I would stare at the grains of light suspended in that silent space, struggling to see into my own heart. What did I want? ', N'https://loremflickr.com/640/360', CONVERT(bit, 'True'), CONVERT(bit, 'False'), 0, '2023-03-02 14:45:40.603')
INSERT dbo.Posts VALUES (90, 1, N'gentlemen-of-the-free-and-easy-sort', N'Gentlemen of the free-and-easy sort', N'plume themselves on being acquainted with a move or two, and being usually equal to the time-of-day, express the wide range of their capacity for a...', N'plume themselves on being acquainted with a move or two, and being usually equal to the time-of-day, express the wide range of their capacity for adventure by observing that they are good for anything from pitch-and-toss to manslaughter;', N'https://loremflickr.com/640/360', CONVERT(bit, 'True'), CONVERT(bit, 'True'), 0, '2023-03-02 14:45:40.607')
INSERT dbo.Posts VALUES (91, 1, N'in-truth-mrs-gradgrinds-stock-of-facts-in', N'In truth, Mrs. Gradgrind’s stock of facts in', N'general was woefully defective; but Mr. Gradgrind in raising her to her high matrimonial position, had been influenced by two reasons.  Firstly, sh...', N'general was woefully defective; but Mr. Gradgrind in raising her to her high matrimonial position, had been influenced by two reasons.  Firstly, she was most satisfactory as a question of figures; and, secondly,', N'https://loremflickr.com/640/360', CONVERT(bit, 'True'), CONVERT(bit, 'False'), 0, '2023-03-02 14:45:40.610')
INSERT dbo.Posts VALUES (92, 1, N'my-dear-bounderby-mr-gradgrind-began', N'‘My dear Bounderby,’ Mr. Gradgrind began', N'‘Now, you’ll excuse me,’ said Bounderby, ‘but I don’t want to be too dear.  That, to start with.  When I begin to be dear to a man, I generally fin...', N'‘Now, you’ll excuse me,’ said Bounderby, ‘but I don’t want to be too dear.  That, to start with.  When I begin to be dear to a man, I generally find that his intention is to come over me.', N'https://loremflickr.com/640/360', CONVERT(bit, 'True'), CONVERT(bit, 'True'), 0, '2023-03-02 14:45:40.613')
INSERT dbo.Posts VALUES (93, 1, N'he-could-find-no-answer-except-lifes-usual', N'He could find no answer, except life’s usual', N'answer to the most complex and insoluble questions. That answer is: live in the needs of the day, that is, find forgetfulness.', N'answer to the most complex and insoluble questions. That answer is: live in the needs of the day, that is, find forgetfulness.', N'https://loremflickr.com/640/360', CONVERT(bit, 'True'), CONVERT(bit, 'False'), 0, '2023-03-02 14:45:40.617')
INSERT dbo.Posts VALUES (94, 1, N'happiness-was-different-in-childhood', N'Happiness was different in childhood.', N'so much then a matter simply of accumulation, of taking things – new experiences, new emotions – and applying them like so many polished tiles to w...', N'so much then a matter simply of accumulation, of taking things – new experiences, new emotions – and applying them like so many polished tiles to what would someday be the marvellously finished pavilion of the self.', N'https://loremflickr.com/640/360', CONVERT(bit, 'True'), CONVERT(bit, 'True'), 0, '2023-03-02 14:45:40.620')
INSERT dbo.Posts VALUES (95, 1, N'so-what-is-the-answer-how-can-you-stand', N'So what is the answer? How can you stand', N'From the moment you go to prison you must put your cozy past firmly behind you. At the very threshold, you must say to yourself: “My life is over, ...', N'From the moment you go to prison you must put your cozy past firmly behind you. At the very threshold, you must say to yourself: “My life is over, a little early to be sure, but there’s nothing to be done about it. I shall never return to freedom.', N'https://loremflickr.com/640/360', CONVERT(bit, 'True'), CONVERT(bit, 'False'), 0, '2023-03-02 14:45:40.620')
INSERT dbo.Posts VALUES (96, 1, N'if-only-it-were-all-so-simple-if-only-there', N'If only it were all so simple! If only there', N'were evil people somewhere insidiously committing evil deeds, and it were necessary only to separate them from the rest of us and destroy them. But...', N'were evil people somewhere insidiously committing evil deeds, and it were necessary only to separate them from the rest of us and destroy them. But the line dividing good and evil cuts through the heart of every human being. And who is willing to destroy a piece of his own heart?', N'https://loremflickr.com/640/360', CONVERT(bit, 'True'), CONVERT(bit, 'True'), 0, '2023-03-02 14:45:40.623')
INSERT dbo.Posts VALUES (97, 1, N'as-for-the-leaflets-reporting-the-creation-of', N'As for the leaflets reporting the creation of', N'the ROA, the “Russian Liberation Army,” not only were they written in bad Russian, but they were imbued with an alien spirit that was clearly Germa...', N'the ROA, the “Russian Liberation Army,” not only were they written in bad Russian, but they were imbued with an alien spirit that was clearly German and, moreover, seemed little concerned with their presumed subject; besides, and on the other hand,', N'https://loremflickr.com/640/360', CONVERT(bit, 'True'), CONVERT(bit, 'False'), 0, '2023-03-02 14:45:40.630')
INSERT dbo.Posts VALUES (98, 1, N'and-how-can-you-bring-it-home-to-them', N'And how can you bring it home to them?', N'an inspiration? By a vision? A dream? Brothers! People! Why has life been given you? In the deep, deaf stillness of midnight, the doors of the deat...', N'an inspiration? By a vision? A dream? Brothers! People! Why has life been given you? In the deep, deaf stillness of midnight, the doors of the death cells are being swung open – and great-souled people are being dragged out to be shot.', N'https://loremflickr.com/640/360', CONVERT(bit, 'True'), CONVERT(bit, 'True'), 0, '2023-03-02 14:45:40.633')
INSERT dbo.Posts VALUES (99, 1, N'like-all-men-not-really-up-to-their-job', N'Like all men not really up to their job,', N'a stickler for externals and petty quotidian things; and in lieu of an intellect he had accumulated an armoury of capitalized key-words like Discip...', N'a stickler for externals and petty quotidian things; and in lieu of an intellect he had accumulated an armoury of capitalized key-words like Discipline and Tradition and Responsibility.', N'https://loremflickr.com/640/360', CONVERT(bit, 'True'), CONVERT(bit, 'False'), 0, '2023-03-02 14:45:40.637')
INSERT dbo.Posts VALUES (100, 1, N'but-art-is-a-punitive-sentence-not-a', N'But Art is a punitive sentence, not a', N'birthright, & there is nothing in my early life that suggests artistick aptitude or even interest, my pastimes & fascinations nearly all being what...', N'birthright, & there is nothing in my early life that suggests artistick aptitude or even interest, my pastimes & fascinations nearly all being what may – & were – deemed the merely villainous.', N'https://loremflickr.com/640/360', CONVERT(bit, 'True'), CONVERT(bit, 'True'), 0, '2023-03-02 14:45:40.640')
INSERT dbo.Posts VALUES (101, 1, N'all-hallows-day-grief-comes-in-waves', N'All Hallows Day: grief comes in waves.', N't threatens to capsize him. He doesn’t believe that the dead come back; but that doesn’t stop him from feeling the brush of their fingertips, wingt...', N't threatens to capsize him. He doesn’t believe that the dead come back; but that doesn’t stop him from feeling the brush of their fingertips, wingtips, against his shoulder.', N'https://loremflickr.com/640/360', CONVERT(bit, 'True'), CONVERT(bit, 'False'), 0, '2023-03-02 14:45:40.643')
INSERT dbo.Posts VALUES (102, 1, N'being-in-high-school-miles-had-no-idea-there', N'Being in high school, Miles had no idea there', N'were girls in the world who might be nice to some boy who’d suffered the misfortune of falling in love with them, even when they couldn’t return th...', N'were girls in the world who might be nice to some boy who’d suffered the misfortune of falling in love with them, even when they couldn’t return the favor.', N'https://loremflickr.com/640/360', CONVERT(bit, 'True'), CONVERT(bit, 'True'), 0, '2023-03-02 14:45:40.647')
INSERT dbo.Posts VALUES (103, 1, N'but-they-didnt-devote-the-whole-evening-to', N'But they didn’t devote the whole evening to', N'music. After a while they played at forfeits; for it is good to be children sometimes, and never better than at Christmas, when its mighty Founder ...', N'music. After a while they played at forfeits; for it is good to be children sometimes, and never better than at Christmas, when its mighty Founder was a child himself. Stop. There was first a game at blind-man’s buff.', N'https://loremflickr.com/640/360', CONVERT(bit, 'True'), CONVERT(bit, 'False'), 0, '2023-03-02 14:45:40.650')
INSERT dbo.Posts VALUES (104, 1, N'each-failed-overture-of-peace-made-the-next', N'Each failed overture of peace made the next', N'overture less likely to succeed. Before long, what at first glance had seemed to Gary an absurd possiiblity – that the till of their marriage no lo...', N'overture less likely to succeed. Before long, what at first glance had seemed to Gary an absurd possiiblity – that the till of their marriage no longer contained sufficient funds of love and goodwill to cover the emotional costs that going to St.', N'https://loremflickr.com/640/360', CONVERT(bit, 'True'), CONVERT(bit, 'True'), 0, '2023-03-02 14:45:40.653')
INSERT dbo.Posts VALUES (105, 1, N'all-men-dream-but-not-equally', N'All men dream, but not equally.', N'dream by night in the dusty recesses of their minds wake in the day to find that it was vanity: but the dreamers of the day are dangerous men, for ...', N'dream by night in the dusty recesses of their minds wake in the day to find that it was vanity: but the dreamers of the day are dangerous men, for they may act their dreams with open eyes.', N'https://loremflickr.com/640/360', CONVERT(bit, 'True'), CONVERT(bit, 'False'), 0, '2023-03-02 14:45:40.657')
INSERT dbo.Posts VALUES (106, 1, N'sometimes-come-on-how-often-exactly', N'Sometimes… Come on, how often exactly,', N'Bert? Can you recall four, five, more such occasions? Or would no human heart have survived two or three? Sometimes (I have nothing to say in reply...', N'Bert? Can you recall four, five, more such occasions? Or would no human heart have survived two or three? Sometimes (I have nothing to say in reply to your question), while Lolita would be haphazardly preparing her homework,', N'https://loremflickr.com/640/360', CONVERT(bit, 'True'), CONVERT(bit, 'True'), 0, '2023-03-02 14:45:40.663')
INSERT dbo.Posts VALUES (107, 1, N'she-would-never-know-because-he-would', N'She would never know, because he would', N'never tell her. Somehow if she’d known the worst parts, she couldn’t have gone on being a haven for him. He was groping for an idea that he couldn’...', N'never tell her. Somehow if she’d known the worst parts, she couldn’t have gone on being a haven for him. He was groping for an idea that he couldn’t quite grasp.', N'https://loremflickr.com/640/360', CONVERT(bit, 'True'), CONVERT(bit, 'False'), 0, '2023-03-02 14:45:40.667')
INSERT dbo.Posts VALUES (108, 1, N'he-ran-as-hed-never-run-before', N'He ran as he’d never run before', N'hope nor despair. He ran because the world was divided into opposites and his side had already been chosen for him, his only choice being whether o...', N'hope nor despair. He ran because the world was divided into opposites and his side had already been chosen for him, his only choice being whether or not to play his part with heart and courage.', N'https://loremflickr.com/640/360', CONVERT(bit, 'True'), CONVERT(bit, 'True'), 0, '2023-03-02 14:45:40.670')
INSERT dbo.Posts VALUES (109, 1, N'how-vulgar-this-hankering-after', N'How vulgar, this hankering after', N'mmortality, how vain, how false. Composers are merely scribblers of cave paintings. One writes music because winter is eternal and because, if one ...', N'mmortality, how vain, how false. Composers are merely scribblers of cave paintings. One writes music because winter is eternal and because, if one didn’t, the wolves and blizzards would be at one’s throat all the sooner.', N'https://loremflickr.com/640/360', CONVERT(bit, 'True'), CONVERT(bit, 'False'), 0, '2023-03-02 14:45:40.673')
INSERT dbo.Posts VALUES (110, 1, N'the-embassys-door-was-of-bulletproof-steel', N'The embassy’s door was of bulletproof steel', N'lined with a veneer of English oak. You attained it by touching a button in a silent lift. The royal crest, in this air-conditioned stillness, sugg...', N'lined with a veneer of English oak. You attained it by touching a button in a silent lift. The royal crest, in this air-conditioned stillness, suggested silicone and funeral parlours.', N'https://loremflickr.com/640/360', CONVERT(bit, 'True'), CONVERT(bit, 'True'), 0, '2023-03-02 14:45:40.677')
INSERT dbo.Posts VALUES (111, 1, N'act-implores-the-ghost-of-future-regret', N'Act, implores the Ghost of Future Regret.', N'Jacob hurries past the tomatoes and catches her up near the gate.‘Miss Abigawa? Miss Aibagawa. I must ask you to forgive me.’She has turned around ...', N'Jacob hurries past the tomatoes and catches her up near the gate.‘Miss Abigawa? Miss Aibagawa. I must ask you to forgive me.’She has turned around and has one hand on the gate. ‘Why forgive?', N'https://loremflickr.com/640/360', CONVERT(bit, 'True'), CONVERT(bit, 'False'), 0, '2023-03-02 14:45:40.677')
INSERT dbo.Posts VALUES (112, 1, N'the-ship-rolls-and-her-timbers-creak-like', N'The ship rolls and her timbers creak like', N'Men of commerce, sir…’ Nash counts out laudanum drops into the pewter beaker ‘… for the most part, had their consciences cut out at birth. Better a...', N'Men of commerce, sir…’ Nash counts out laudanum drops into the pewter beaker ‘… for the most part, had their consciences cut out at birth. Better an honest drowning than slow death by hypocrisy,', N'https://loremflickr.com/640/360', CONVERT(bit, 'True'), CONVERT(bit, 'True'), 0, '2023-03-02 14:45:40.680')
INSERT dbo.Posts VALUES (113, 1, N'he-let-the-phone-slip-from-his-hand-and-lay', N'He let the phone slip from his hand and lay', N'crying for a while, silently, shaking the cheap bed. He didn’t know what to do, he didn’t know how to live. Each new thing he encountered in life i...', N'crying for a while, silently, shaking the cheap bed. He didn’t know what to do, he didn’t know how to live. Each new thing he encountered in life impelled him in a direction that fully convinced him of its rightness,', N'https://loremflickr.com/640/360', CONVERT(bit, 'True'), CONVERT(bit, 'False'), 0, '2023-03-02 14:45:40.683')
INSERT dbo.Posts VALUES (114, 1, N'when-they-leave-the-church-the-last-light-is', N'When they leave the church, the last light is', N'vanishing into the sky, and a stray snowflake drifts along towards the south. They remount; it has been a long day; his clothes feel heavy on his b...', N'vanishing into the sky, and a stray snowflake drifts along towards the south. They remount; it has been a long day; his clothes feel heavy on his back.', N'https://loremflickr.com/640/360', CONVERT(bit, 'True'), CONVERT(bit, 'True'), 0, '2023-03-02 14:45:40.687')
INSERT dbo.Posts VALUES (115, 1, N'in-the-days-to-follow-the-hacendado-would', N'In the days to follow the hacendado would', N'come up to the corral where they’d shaped the manada and he and John Grady would walk among the mares and John Grady would argue their points and t...', N'come up to the corral where they’d shaped the manada and he and John Grady would walk among the mares and John Grady would argue their points and the hacendado would muse and walk away a fixed distance.', N'https://loremflickr.com/640/360', CONVERT(bit, 'True'), CONVERT(bit, 'False'), 0, '2023-03-02 14:45:40.690')
INSERT dbo.Posts VALUES (116, 1, N'imagine-the-silence-now-in-that-place-which', N'Imagine the silence now, in that place which', N'is no-place, that anteroom to God where each hour is ten thousand years long. Once you imagined the souls held in a great net, a web spun by God,', N'is no-place, that anteroom to God where each hour is ten thousand years long. Once you imagined the souls held in a great net, a web spun by God,', N'https://loremflickr.com/640/360', CONVERT(bit, 'True'), CONVERT(bit, 'True'), 0, '2023-03-02 14:45:40.693')
INSERT dbo.Posts VALUES (117, 1, N'then-perhaps-overcome-with-nostalgia-for', N'Then, perhaps overcome with nostalgia for', N'happier times, he gave me a good kicking. Afterwards I assured him he had all the attributes necessary for a successful artistick career, through u...', N'happier times, he gave me a good kicking. Afterwards I assured him he had all the attributes necessary for a successful artistick career, through unfortunately my mouth was too swollen to list them for Pobjoy’s benefit: mediocrity;', N'https://loremflickr.com/640/360', CONVERT(bit, 'True'), CONVERT(bit, 'False'), 0, '2023-03-02 14:45:40.697')
INSERT dbo.Posts VALUES (118, 1, N'i-knew-that-on-the-island-one-was-driven', N'I knew that on the island one was driven', N'back into the past. There was so much space, so much silence, so few meetings that one too easily saw out of the present, and then the past seemed ...', N'back into the past. There was so much space, so much silence, so few meetings that one too easily saw out of the present, and then the past seemed ten times closer than it was.', N'https://loremflickr.com/640/360', CONVERT(bit, 'True'), CONVERT(bit, 'True'), 0, '2023-03-02 14:45:40.700')
INSERT dbo.Posts VALUES (119, 1, N'it-was-but-a-hurried-parting-in-a-common', N'It was but a hurried parting in a common', N'street, yet it was a sacred remembrance to these two common people.  Utilitarian economists, skeletons of schoolmasters, Commissioners of Fact,', N'street, yet it was a sacred remembrance to these two common people.  Utilitarian economists, skeletons of schoolmasters, Commissioners of Fact,', N'https://loremflickr.com/640/360', CONVERT(bit, 'True'), CONVERT(bit, 'False'), 0, '2023-03-02 14:45:40.703')
INSERT dbo.Posts VALUES (120, 1, N'when-a-woman-withdraws-to-give-birth-the', N'When a woman withdraws to give birth the', N'sun may be shining but the shutters of her room are closed so she can make her own weather. She is kept in the dark so she can dream. Her dreams dr...', N'sun may be shining but the shutters of her room are closed so she can make her own weather. She is kept in the dark so she can dream. Her dreams drift her far away,', N'https://loremflickr.com/640/360', CONVERT(bit, 'True'), CONVERT(bit, 'True'), 0, '2023-03-02 14:45:40.707')
INSERT dbo.Posts VALUES (121, 1, N'revolution-and-youth-are-closely-allied', N'Revolution and youth are closely allied.', N'can a revolution promise to adults? To some it brings disgrace, to others favor. But even that favor is questionable,', N'can a revolution promise to adults? To some it brings disgrace, to others favor. But even that favor is questionable,', N'https://loremflickr.com/640/360', CONVERT(bit, 'True'), CONVERT(bit, 'False'), 0, '2023-03-02 14:45:40.710')
INSERT dbo.Posts VALUES (122, 1, N'the-point-was-we-took-this-shit-very', N'The point was we took this shit very', N'seriously. They had taken away our flowers, our summer days, and our bonuses, we were on a wage freeze and a hiring freeze, and people were flying ...', N'seriously. They had taken away our flowers, our summer days, and our bonuses, we were on a wage freeze and a hiring freeze, and people were flying out the door like so many dismantled dummies.', N'https://loremflickr.com/640/360', CONVERT(bit, 'True'), CONVERT(bit, 'True'), 0, '2023-03-02 14:45:40.713')
INSERT dbo.Posts VALUES (123, 1, N'the-old-scholar-was-watching-the-noisy', N'The old scholar was watching the noisy', N'young people around him and it suddenly occurred to him that he was the only one in the whole audience who had the privilege of freedom, ', N'young people around him and it suddenly occurred to him that he was the only one in the whole audience who had the privilege of freedom, ', N'https://loremflickr.com/640/360', CONVERT(bit, 'True'), CONVERT(bit, 'False'), 0, '2023-03-02 14:45:40.717')
INSERT dbo.Posts VALUES (124, 1, N'later-on-my-walk-i-wondered-why-i-felt-i', N'Later, on my walk, I wondered why I felt I', N'had to be suspicious of ‘normality’. The striking thing about the normal is that there is nothing normal about it:', N'had to be suspicious of ‘normality’. The striking thing about the normal is that there is nothing normal about it:', N'https://loremflickr.com/640/360', CONVERT(bit, 'True'), CONVERT(bit, 'True'), 0, '2023-03-02 14:45:40.720')
INSERT dbo.Posts VALUES (125, 1, N'looking-back-on-those-incidents', N'Looking back on those incidents,', N'always appalled by the memory of his passivity, hard though it was to see what else he could have done. He could have refused to pay for the gravy ...', N'always appalled by the memory of his passivity, hard though it was to see what else he could have done. He could have refused to pay for the gravy damage to his room, could have refused to change his shoes,', N'https://loremflickr.com/640/360', CONVERT(bit, 'True'), CONVERT(bit, 'False'), 0, '2023-03-02 14:45:40.723')
INSERT dbo.Posts VALUES (126, 1, N'i-hoped-she-did-not-dislike-me', N'I hoped she did not dislike me,', N'under no illusions that she might remember me in any way fondly; that is, if she remembered me at all. I was but one of a procession; I provided ex...', N'under no illusions that she might remember me in any way fondly; that is, if she remembered me at all. I was but one of a procession; I provided extra food, drink, that day some tobacco, beyond that I did not exist for her.', N'https://loremflickr.com/640/360', CONVERT(bit, 'True'), CONVERT(bit, 'True'), 0, '2023-03-02 14:45:40.733')
INSERT dbo.Posts VALUES (127, 1, N'if-i-may-so-express-it-i-was-steeped-in-dora', N'If I may so ex­press it, I was steeped in Do­ra.', N'was not mere­ly over head and ears in love with her, but I was sat­urat­ed through and through. Enough love might have been wrung out of me, metaph...', N'was not mere­ly over head and ears in love with her, but I was sat­urat­ed through and through. Enough love might have been wrung out of me, metaphor­ical­ly speak­ing,', N'https://loremflickr.com/640/360', CONVERT(bit, 'True'), CONVERT(bit, 'False'), 0, '2023-03-02 14:45:40.737')
INSERT dbo.Posts VALUES (128, 1, N'lyrical-poetry-is-a-realm-in-which-any', N'Lyrical poetry is a realm in which any', N'statement immediately becomes truth. Yesterday the poet said life is a vale of tears; today he said life is a land of smiles; and he was right both...', N'statement immediately becomes truth. Yesterday the poet said life is a vale of tears; today he said life is a land of smiles; and he was right both times. There is no inconsistency.', N'https://loremflickr.com/640/360', CONVERT(bit, 'True'), CONVERT(bit, 'True'), 0, '2023-03-02 14:45:40.740')
INSERT dbo.Posts VALUES (129, 1, N'sometimes-when-chapuys-has-finished', N'Sometimes, when Chapuys has finished', N'digging up Walter’s bones and making his own life unfamiliar to him, he feels almost impelled to speak in defence of his father, his childhood. But...', N'digging up Walter’s bones and making his own life unfamiliar to him, he feels almost impelled to speak in defence of his father, his childhood. But it is no use to justify yourself. It is no good to explain. It is weak to be anecdotal.', N'https://loremflickr.com/640/360', CONVERT(bit, 'True'), CONVERT(bit, 'False'), 0, '2023-03-02 14:45:40.743')
INSERT dbo.Posts VALUES (130, 1, N'always-i-had-acted-as-if-a-third-person-was-watching', N'Always I had acted as if a third person was watching', N'Always I had acted as if a third person was watching and listening and giving me marks for good or bad behaviour – a god like a novelist, to whom I...', N'Always I had acted as if a third person was watching and listening and giving me marks for good or bad behaviour – a god like a novelist, to whom I turned, like a character with the power to please, the sensitivity to feel slighted, the ability to adapt himself to whatever he believed the novelist-god wanted.', N'https://loremflickr.com/640/360', CONVERT(bit, 'True'), CONVERT(bit, 'True'), 0, '2023-03-02 14:45:40.747')
INSERT dbo.Posts VALUES (131, 1, N'what-was-i-after-all', N'What was I after all?', N'Near enough what Conchis had had me told: nothing but the net sum of countless wrong turnings. I dismissed most of the Freudian jargon of the trial...', N'Near enough what Conchis had had me told: nothing but the net sum of countless wrong turnings. I dismissed most of the Freudian jargon of the trial; but all my life I had tried to turn life to fiction, to hold reality away.', N'https://loremflickr.com/640/360', CONVERT(bit, 'True'), CONVERT(bit, 'False'), 0, '2023-03-02 14:45:40.750')
INSERT dbo.Posts VALUES (132, 1, N'now-they-were-in-the-earth', N'Now they were in the earth', N'Now they were in the earth to which they had given their lives; and slowly, year by year, the earth would take them.', N'Now they were in the earth to which they had given their lives; and slowly, year by year, the earth would take them.', N'https://loremflickr.com/640/360', CONVERT(bit, 'True'), CONVERT(bit, 'True'), 0, '2023-03-02 14:45:40.753')
INSERT dbo.Posts VALUES (133, 1, N'he-thought-of-the-cost-exacted', N'He thought of the cost exacted', N'He thought of the cost exacted, year after year, by the soil; and it remained as it had been—a little more barren, perhaps, a little more frugal of...', N'He thought of the cost exacted, year after year, by the soil; and it remained as it had been—a little more barren, perhaps, a little more frugal of increase. Nothing had changed. Their lives had been expended in cheerless labor, their wills broken, their intelligences numbed.', N'https://loremflickr.com/640/360', CONVERT(bit, 'True'), CONVERT(bit, 'False'), 0, '2023-03-02 14:45:40.757')
INSERT dbo.Posts VALUES (134, 1, N'he-buried-her-beside-her-husband', N'He buried her beside her husband', N'He buried her beside her husband. After the services were over and the few mourners had gone, he stood alone in a cold November wind and looked at ...', N'He buried her beside her husband. After the services were over and the few mourners had gone, he stood alone in a cold November wind and looked at the two graves, one open to its burden and the other mounded and covered by a thin fuzz of grass.', N'https://loremflickr.com/640/360', CONVERT(bit, 'True'), CONVERT(bit, 'True'), 0, '2023-03-02 14:45:40.760')
INSERT dbo.Posts VALUES (135, 1, N'i-was-disconcerted-for-i-had-broken-away', N'I was disconcerted, for I had broken away', N'I was disconcerted, for I had broken away without quite seeing where I was going to. It was not to be shuffled off now, however, and I answered, `T...', N'I was disconcerted, for I had broken away without quite seeing where I was going to. It was not to be shuffled off now, however, and I answered, `The beautiful young lady at Miss Havisham’s, and she’s more beautiful than anybody ever was, and I admire her dreadfully, and I want to be a gentleman on her account.’', N'https://loremflickr.com/640/360', CONVERT(bit, 'True'), CONVERT(bit, 'False'), 0, '2023-03-02 14:45:40.763')
INSERT dbo.Posts VALUES (136, 1, N'you-must-thrive-in-spite-of-yourself', N'You must thrive in spite of yourself', N'You must thrive in spite of yourself; and so that you may do it, God takes out your heart of flesh, and gives you a heart of stone.', N'You must thrive in spite of yourself; and so that you may do it, God takes out your heart of flesh, and gives you a heart of stone.', N'https://loremflickr.com/640/360', CONVERT(bit, 'True'), CONVERT(bit, 'True'), 0, '2023-03-02 14:45:40.767')
INSERT dbo.Posts VALUES (137, 1, N'he-once-thought-it-himself-that-he-might-die', N'He once thought it himself, that he might die', N'He once thought it himself, that he might die with grief: for his wife, his daughters, his sisters, his father and master the cardinal. But pulse, ...', N'He once thought it himself, that he might die with grief: for his wife, his daughters, his sisters, his father and master the cardinal. But pulse, obdurate, keeps its rhythm. You think you cannot keep breathing, but your ribcage has other ideas, rising and falling, emitting sighs.˝', N'https://loremflickr.com/640/360', CONVERT(bit, 'True'), CONVERT(bit, 'False'), 0, '2023-03-02 14:45:40.770')
INSERT dbo.Posts VALUES (138, 1, N'on-foot-from-necessity-or-in-deference', N'On foot, from necessity or in deference', N'On foot, from necessity or in deference to his dismounted commander or associates, his conduct was the same. He would stand like a rock in the open...', N'On foot, from necessity or in deference to his dismounted commander or associates, his conduct was the same. He would stand like a rock in the open when officers and men alike had taken to cover;', N'https://loremflickr.com/640/360', CONVERT(bit, 'True'), CONVERT(bit, 'True'), 0, '2023-03-02 14:45:40.773')
INSERT dbo.Posts VALUES (139, 1, N'he-stood-over-the-body-in-the-fading-light', N'He stood over the body in the fading light', N'Adjusting the hair and putting the finishing touches to the simple toilet, doing all mechanically, with soulless care. And still through his consci...', N'Adjusting the hair and putting the finishing touches to the simple toilet, doing all mechanically, with soulless care. And still through his consciousness ran an undersense of conviction that all was right—that he should have her again as before, and everything explained.', N'https://loremflickr.com/640/360', CONVERT(bit, 'True'), CONVERT(bit, 'False'), 0, '2023-03-02 14:45:40.777')
INSERT dbo.Posts VALUES (140, 1, N'a-secret-always-has-a-strengthening-effect', N'A secret always has a strengthening effect', N'A secret always has a strengthening effect upon a newborn friendship, as does the shared impression than an external figure is to blame: the men of...', N'A secret always has a strengthening effect upon a newborn friendship, as does the shared impression than an external figure is to blame: the men of the Crown have become united less by their shared beliefs, we observe, than by their shared misgivings.', N'https://loremflickr.com/640/360', CONVERT(bit, 'True'), CONVERT(bit, 'True'), 0, '2023-03-02 14:45:40.780')
INSERT dbo.Posts VALUES (141, 1, N'a-judgment-that-is-necessarily-hampered', N'A judgment that is necessarily hampered', N'A judgment that is necessarily hampered, bot only by the scope and limits of his imagination, but by the ever-changing measure of his doubt and sel...', N'A judgment that is necessarily hampered, bot only by the scope and limits of his imagination, but by the ever-changing measure of his doubt and self-esteem.', N'https://loremflickr.com/640/360', CONVERT(bit, 'True'), CONVERT(bit, 'False'), 0, '2023-03-02 14:45:40.783')
INSERT dbo.Posts VALUES (142, 1, N'for-although-a-man-is-judged-by-his-actions', N'For although a man is judged by his actions', N'For although a man is judged by his actions, by what he has said and done, a man judges himself by what he is willing to do, by what he might have ...', N'For although a man is judged by his actions, by what he has said and done, a man judges himself by what he is willing to do, by what he might have said, or might have done', N'https://loremflickr.com/640/360', CONVERT(bit, 'True'), CONVERT(bit, 'True'), 0, '2023-03-02 14:45:40.787')
INSERT dbo.Posts VALUES (143, 1, N'everything-failed-to-subdue-me', N'Everything failed to subdue me', N'Everything failed to subdue me. Soon everything seemed dull: another sunrise, the lives of heroes, failing love, war, the discoveries people made a...', N'Everything failed to subdue me. Soon everything seemed dull: another sunrise, the lives of heroes, failing love, war, the discoveries people made about each other.', N'https://loremflickr.com/640/360', CONVERT(bit, 'True'), CONVERT(bit, 'False'), 0, '2023-03-02 14:45:40.790')
INSERT dbo.Posts VALUES (144, 1, N'in-the-hospital-mens-room', N'In the hospital men’s room', N'In the hospital men’s room, as I’m washing my hands, I glance in the mirror. The man I see is not so much me as my father. When did he show up? The...', N'In the hospital men’s room, as I’m washing my hands, I glance in the mirror. The man I see is not so much me as my father. When did he show up? There is no soap; I rub hand sanitizer into my face–it burns. I nearly drown myself in the sink trying to rinse it off.', N'https://loremflickr.com/640/360', CONVERT(bit, 'True'), CONVERT(bit, 'True'), 0, '2023-03-02 14:45:40.793')
INSERT dbo.Posts VALUES (145, 1, N'but-just-as-i-didnt-want-to-resent-my-kids', N'But just as I didn’t want to resent my kids', N'I also didn’t want to find myself too much in love with them. There are parents who don’t like to hear their little girl crying at night, at the va...', N'I also didn’t want to find myself too much in love with them. There are parents who don’t like to hear their little girl crying at night, at the vast approaching dark of sleep, and so in their torment think why not feed her a lollipop, and a few years later that kid’s got seven cavities and a pulled tooth.', N'https://loremflickr.com/640/360', CONVERT(bit, 'True'), CONVERT(bit, 'False'), 0, '2023-03-02 14:45:40.797')
INSERT dbo.Posts VALUES (146, 1, N'christ-he-thinks-by-my-age-i-ought-to-know', N'Christ, he thinks, by my age I ought to know', N'You don’t get on by being original. You don’t get on by being bright. You don’t get on by being strong. You get on by being a subtle crook;', N'You don’t get on by being original. You don’t get on by being bright. You don’t get on by being strong. You get on by being a subtle crook;', N'https://loremflickr.com/640/360', CONVERT(bit, 'True'), CONVERT(bit, 'True'), 0, '2023-03-02 14:45:40.800')
INSERT dbo.Posts VALUES (147, 1, N'they-look-so-fine-and-young', N'They look so fine, and young', N'They look so fine, and young, and wrapped up in each other. Love is so fresh and clean at that age. Don’t you think?', N'They look so fine, and young, and wrapped up in each other. Love is so fresh and clean at that age. Don’t you think?', N'https://loremflickr.com/640/360', CONVERT(bit, 'True'), CONVERT(bit, 'False'), 0, '2023-03-02 14:45:40.803')
INSERT dbo.Posts VALUES (148, 1, N'your-only-chance-of-survival', N'Your only chance of survival', N'Your only chance of survival, if you are sincerely smitten, lies in hiding this fact from the woman you love, of feigning a casual detachment under...', N'Your only chance of survival, if you are sincerely smitten, lies in hiding this fact from the woman you love, of feigning a casual detachment under all circumstances.', N'https://loremflickr.com/640/360', CONVERT(bit, 'True'), CONVERT(bit, 'True'), 0, '2023-03-02 14:45:40.807')
INSERT dbo.Posts VALUES (149, 1, N'during-the-first-part-of-your-life', N'During the first part of your life', N'During the first part of your life, you only become aware of happiness once you have lost it. Then an age comes, a second one, in which you already...', N'During the first part of your life, you only become aware of happiness once you have lost it. Then an age comes, a second one, in which you already know, at the moment when you begin to experience true happiness.', N'https://loremflickr.com/640/360', CONVERT(bit, 'True'), CONVERT(bit, 'False'), 0, '2023-03-02 14:45:40.810')
INSERT dbo.Posts VALUES (150, 1, N'were-you-in-love-with-her', N'Were you in love with her?', N'The question is in a way meaningless, she knows, but one must ask. Love in such situations is rarely real. Sex is the engine, exalting and ruining ...', N'The question is in a way meaningless, she knows, but one must ask. Love in such situations is rarely real. Sex is the engine, exalting and ruining people, sex and frustration. Love is what people believe is worth the path of devastation.', N'https://loremflickr.com/640/360', CONVERT(bit, 'True'), CONVERT(bit, 'True'), 0, '2023-03-02 14:45:40.813')
GO

-- 
-- Dumping data for table PostRelatedPosts
--
PRINT (N'Dumping data for table PostRelatedPosts')
-- Table Medium.dbo.PostRelatedPosts does not contain any data (it is empty)

-- 
-- Dumping data for table PostComments
--
PRINT (N'Dumping data for table PostComments')
-- Table Medium.dbo.PostComments does not contain any data (it is empty)

-- 
-- Dumping data for table PostCategories
--
PRINT (N'Dumping data for table PostCategories')
INSERT dbo.PostCategories VALUES (1, 2)
INSERT dbo.PostCategories VALUES (1, 42)
INSERT dbo.PostCategories VALUES (1, 57)
INSERT dbo.PostCategories VALUES (1, 71)
INSERT dbo.PostCategories VALUES (1, 78)
INSERT dbo.PostCategories VALUES (1, 92)
INSERT dbo.PostCategories VALUES (1, 149)
INSERT dbo.PostCategories VALUES (2, 30)
INSERT dbo.PostCategories VALUES (2, 49)
INSERT dbo.PostCategories VALUES (2, 58)
INSERT dbo.PostCategories VALUES (2, 61)
INSERT dbo.PostCategories VALUES (2, 73)
INSERT dbo.PostCategories VALUES (2, 81)
INSERT dbo.PostCategories VALUES (2, 93)
INSERT dbo.PostCategories VALUES (2, 103)
INSERT dbo.PostCategories VALUES (3, 29)
INSERT dbo.PostCategories VALUES (3, 33)
INSERT dbo.PostCategories VALUES (3, 61)
INSERT dbo.PostCategories VALUES (3, 92)
INSERT dbo.PostCategories VALUES (3, 98)
INSERT dbo.PostCategories VALUES (3, 104)
INSERT dbo.PostCategories VALUES (3, 110)
INSERT dbo.PostCategories VALUES (3, 115)
INSERT dbo.PostCategories VALUES (3, 118)
INSERT dbo.PostCategories VALUES (3, 138)
INSERT dbo.PostCategories VALUES (4, 27)
INSERT dbo.PostCategories VALUES (4, 46)
INSERT dbo.PostCategories VALUES (4, 79)
INSERT dbo.PostCategories VALUES (4, 99)
INSERT dbo.PostCategories VALUES (4, 117)
INSERT dbo.PostCategories VALUES (4, 129)
INSERT dbo.PostCategories VALUES (4, 139)
INSERT dbo.PostCategories VALUES (4, 140)
INSERT dbo.PostCategories VALUES (5, 11)
INSERT dbo.PostCategories VALUES (5, 64)
INSERT dbo.PostCategories VALUES (5, 65)
INSERT dbo.PostCategories VALUES (5, 74)
INSERT dbo.PostCategories VALUES (5, 76)
INSERT dbo.PostCategories VALUES (5, 83)
INSERT dbo.PostCategories VALUES (5, 97)
INSERT dbo.PostCategories VALUES (5, 101)
INSERT dbo.PostCategories VALUES (5, 120)
INSERT dbo.PostCategories VALUES (5, 125)
INSERT dbo.PostCategories VALUES (5, 130)
INSERT dbo.PostCategories VALUES (5, 150)
INSERT dbo.PostCategories VALUES (6, 19)
INSERT dbo.PostCategories VALUES (6, 49)
INSERT dbo.PostCategories VALUES (6, 71)
INSERT dbo.PostCategories VALUES (6, 93)
INSERT dbo.PostCategories VALUES (6, 104)
INSERT dbo.PostCategories VALUES (6, 125)
INSERT dbo.PostCategories VALUES (7, 4)
INSERT dbo.PostCategories VALUES (7, 35)
INSERT dbo.PostCategories VALUES (7, 89)
INSERT dbo.PostCategories VALUES (7, 102)
INSERT dbo.PostCategories VALUES (7, 119)
INSERT dbo.PostCategories VALUES (8, 24)
INSERT dbo.PostCategories VALUES (8, 53)
INSERT dbo.PostCategories VALUES (8, 87)
INSERT dbo.PostCategories VALUES (8, 117)
INSERT dbo.PostCategories VALUES (8, 138)
INSERT dbo.PostCategories VALUES (9, 22)
INSERT dbo.PostCategories VALUES (9, 31)
INSERT dbo.PostCategories VALUES (9, 42)
INSERT dbo.PostCategories VALUES (9, 106)
INSERT dbo.PostCategories VALUES (9, 133)
INSERT dbo.PostCategories VALUES (9, 148)
INSERT dbo.PostCategories VALUES (10, 6)
INSERT dbo.PostCategories VALUES (10, 9)
INSERT dbo.PostCategories VALUES (10, 15)
INSERT dbo.PostCategories VALUES (10, 54)
INSERT dbo.PostCategories VALUES (10, 61)
INSERT dbo.PostCategories VALUES (10, 65)
INSERT dbo.PostCategories VALUES (10, 67)
INSERT dbo.PostCategories VALUES (10, 73)
INSERT dbo.PostCategories VALUES (10, 96)
INSERT dbo.PostCategories VALUES (10, 146)
INSERT dbo.PostCategories VALUES (11, 21)
INSERT dbo.PostCategories VALUES (11, 28)
INSERT dbo.PostCategories VALUES (11, 34)
INSERT dbo.PostCategories VALUES (11, 42)
INSERT dbo.PostCategories VALUES (11, 52)
INSERT dbo.PostCategories VALUES (11, 53)
INSERT dbo.PostCategories VALUES (11, 55)
INSERT dbo.PostCategories VALUES (11, 66)
INSERT dbo.PostCategories VALUES (11, 88)
INSERT dbo.PostCategories VALUES (11, 101)
INSERT dbo.PostCategories VALUES (12, 9)
INSERT dbo.PostCategories VALUES (12, 21)
INSERT dbo.PostCategories VALUES (12, 47)
INSERT dbo.PostCategories VALUES (13, 2)
INSERT dbo.PostCategories VALUES (13, 13)
INSERT dbo.PostCategories VALUES (13, 28)
INSERT dbo.PostCategories VALUES (13, 48)
INSERT dbo.PostCategories VALUES (13, 72)
INSERT dbo.PostCategories VALUES (13, 73)
INSERT dbo.PostCategories VALUES (13, 83)
INSERT dbo.PostCategories VALUES (13, 84)
INSERT dbo.PostCategories VALUES (13, 133)
INSERT dbo.PostCategories VALUES (13, 141)
INSERT dbo.PostCategories VALUES (14, 9)
INSERT dbo.PostCategories VALUES (14, 24)
INSERT dbo.PostCategories VALUES (14, 32)
INSERT dbo.PostCategories VALUES (14, 36)
INSERT dbo.PostCategories VALUES (14, 69)
INSERT dbo.PostCategories VALUES (14, 78)
INSERT dbo.PostCategories VALUES (14, 81)
INSERT dbo.PostCategories VALUES (14, 85)
INSERT dbo.PostCategories VALUES (14, 94)
INSERT dbo.PostCategories VALUES (14, 108)
INSERT dbo.PostCategories VALUES (14, 128)
INSERT dbo.PostCategories VALUES (14, 137)
INSERT dbo.PostCategories VALUES (14, 142)
INSERT dbo.PostCategories VALUES (15, 5)
INSERT dbo.PostCategories VALUES (15, 12)
INSERT dbo.PostCategories VALUES (15, 29)
INSERT dbo.PostCategories VALUES (15, 43)
INSERT dbo.PostCategories VALUES (15, 60)
INSERT dbo.PostCategories VALUES (15, 62)
INSERT dbo.PostCategories VALUES (15, 77)
INSERT dbo.PostCategories VALUES (15, 95)
INSERT dbo.PostCategories VALUES (15, 107)
INSERT dbo.PostCategories VALUES (15, 113)
INSERT dbo.PostCategories VALUES (15, 118)
INSERT dbo.PostCategories VALUES (15, 125)
INSERT dbo.PostCategories VALUES (15, 128)
INSERT dbo.PostCategories VALUES (16, 17)
INSERT dbo.PostCategories VALUES (16, 35)
INSERT dbo.PostCategories VALUES (16, 81)
INSERT dbo.PostCategories VALUES (16, 92)
INSERT dbo.PostCategories VALUES (16, 106)
INSERT dbo.PostCategories VALUES (16, 111)
INSERT dbo.PostCategories VALUES (16, 114)
INSERT dbo.PostCategories VALUES (16, 118)
INSERT dbo.PostCategories VALUES (17, 26)
INSERT dbo.PostCategories VALUES (17, 30)
INSERT dbo.PostCategories VALUES (17, 36)
INSERT dbo.PostCategories VALUES (17, 66)
INSERT dbo.PostCategories VALUES (17, 77)
INSERT dbo.PostCategories VALUES (17, 116)
INSERT dbo.PostCategories VALUES (17, 138)
INSERT dbo.PostCategories VALUES (18, 24)
INSERT dbo.PostCategories VALUES (18, 25)
INSERT dbo.PostCategories VALUES (18, 29)
INSERT dbo.PostCategories VALUES (18, 31)
INSERT dbo.PostCategories VALUES (18, 69)
INSERT dbo.PostCategories VALUES (18, 120)
INSERT dbo.PostCategories VALUES (18, 128)
INSERT dbo.PostCategories VALUES (19, 9)
INSERT dbo.PostCategories VALUES (19, 17)
INSERT dbo.PostCategories VALUES (19, 18)
INSERT dbo.PostCategories VALUES (19, 44)
INSERT dbo.PostCategories VALUES (19, 63)
INSERT dbo.PostCategories VALUES (19, 82)
INSERT dbo.PostCategories VALUES (19, 116)
INSERT dbo.PostCategories VALUES (19, 134)
INSERT dbo.PostCategories VALUES (19, 135)
INSERT dbo.PostCategories VALUES (19, 139)
INSERT dbo.PostCategories VALUES (19, 146)
INSERT dbo.PostCategories VALUES (19, 150)
INSERT dbo.PostCategories VALUES (20, 28)
INSERT dbo.PostCategories VALUES (20, 32)
INSERT dbo.PostCategories VALUES (20, 35)
INSERT dbo.PostCategories VALUES (20, 44)
INSERT dbo.PostCategories VALUES (20, 55)
INSERT dbo.PostCategories VALUES (20, 59)
INSERT dbo.PostCategories VALUES (20, 74)
INSERT dbo.PostCategories VALUES (20, 100)
INSERT dbo.PostCategories VALUES (20, 121)
INSERT dbo.PostCategories VALUES (20, 147)
INSERT dbo.PostCategories VALUES (21, 1)
INSERT dbo.PostCategories VALUES (21, 14)
INSERT dbo.PostCategories VALUES (21, 22)
INSERT dbo.PostCategories VALUES (21, 23)
INSERT dbo.PostCategories VALUES (21, 62)
INSERT dbo.PostCategories VALUES (21, 74)
INSERT dbo.PostCategories VALUES (21, 121)
INSERT dbo.PostCategories VALUES (21, 131)
INSERT dbo.PostCategories VALUES (21, 136)
INSERT dbo.PostCategories VALUES (21, 144)
INSERT dbo.PostCategories VALUES (22, 37)
INSERT dbo.PostCategories VALUES (22, 46)
INSERT dbo.PostCategories VALUES (22, 66)
INSERT dbo.PostCategories VALUES (22, 70)
INSERT dbo.PostCategories VALUES (22, 109)
INSERT dbo.PostCategories VALUES (22, 119)
INSERT dbo.PostCategories VALUES (22, 123)
INSERT dbo.PostCategories VALUES (22, 127)
INSERT dbo.PostCategories VALUES (23, 16)
INSERT dbo.PostCategories VALUES (23, 51)
INSERT dbo.PostCategories VALUES (23, 60)
INSERT dbo.PostCategories VALUES (23, 76)
INSERT dbo.PostCategories VALUES (23, 78)
INSERT dbo.PostCategories VALUES (23, 84)
INSERT dbo.PostCategories VALUES (23, 113)
INSERT dbo.PostCategories VALUES (24, 87)
INSERT dbo.PostCategories VALUES (24, 104)
INSERT dbo.PostCategories VALUES (24, 109)
INSERT dbo.PostCategories VALUES (24, 124)
INSERT dbo.PostCategories VALUES (24, 145)
INSERT dbo.PostCategories VALUES (25, 4)
INSERT dbo.PostCategories VALUES (25, 25)
INSERT dbo.PostCategories VALUES (25, 34)
INSERT dbo.PostCategories VALUES (25, 44)
INSERT dbo.PostCategories VALUES (25, 72)
INSERT dbo.PostCategories VALUES (25, 81)
INSERT dbo.PostCategories VALUES (25, 83)
INSERT dbo.PostCategories VALUES (25, 105)
INSERT dbo.PostCategories VALUES (25, 110)
INSERT dbo.PostCategories VALUES (25, 146)
INSERT dbo.PostCategories VALUES (26, 3)
INSERT dbo.PostCategories VALUES (26, 37)
INSERT dbo.PostCategories VALUES (26, 49)
INSERT dbo.PostCategories VALUES (26, 56)
INSERT dbo.PostCategories VALUES (26, 57)
INSERT dbo.PostCategories VALUES (26, 84)
INSERT dbo.PostCategories VALUES (26, 110)
INSERT dbo.PostCategories VALUES (26, 127)
INSERT dbo.PostCategories VALUES (26, 132)
INSERT dbo.PostCategories VALUES (26, 145)
INSERT dbo.PostCategories VALUES (27, 13)
INSERT dbo.PostCategories VALUES (27, 41)
INSERT dbo.PostCategories VALUES (27, 52)
INSERT dbo.PostCategories VALUES (27, 54)
INSERT dbo.PostCategories VALUES (27, 60)
INSERT dbo.PostCategories VALUES (27, 67)
INSERT dbo.PostCategories VALUES (27, 110)
INSERT dbo.PostCategories VALUES (27, 125)
INSERT dbo.PostCategories VALUES (27, 127)
INSERT dbo.PostCategories VALUES (27, 138)
INSERT dbo.PostCategories VALUES (27, 144)
INSERT dbo.PostCategories VALUES (27, 147)
INSERT dbo.PostCategories VALUES (28, 1)
INSERT dbo.PostCategories VALUES (28, 8)
INSERT dbo.PostCategories VALUES (28, 17)
INSERT dbo.PostCategories VALUES (28, 18)
INSERT dbo.PostCategories VALUES (28, 67)
INSERT dbo.PostCategories VALUES (28, 69)
INSERT dbo.PostCategories VALUES (28, 86)
INSERT dbo.PostCategories VALUES (28, 93)
INSERT dbo.PostCategories VALUES (28, 95)
INSERT dbo.PostCategories VALUES (28, 109)
INSERT dbo.PostCategories VALUES (28, 116)
INSERT dbo.PostCategories VALUES (28, 135)
INSERT dbo.PostCategories VALUES (29, 15)
INSERT dbo.PostCategories VALUES (29, 17)
INSERT dbo.PostCategories VALUES (29, 28)
INSERT dbo.PostCategories VALUES (29, 43)
INSERT dbo.PostCategories VALUES (29, 44)
INSERT dbo.PostCategories VALUES (29, 50)
INSERT dbo.PostCategories VALUES (29, 55)
INSERT dbo.PostCategories VALUES (29, 58)
INSERT dbo.PostCategories VALUES (29, 88)
INSERT dbo.PostCategories VALUES (29, 135)
INSERT dbo.PostCategories VALUES (29, 141)
INSERT dbo.PostCategories VALUES (29, 143)
INSERT dbo.PostCategories VALUES (29, 148)
INSERT dbo.PostCategories VALUES (30, 2)
INSERT dbo.PostCategories VALUES (30, 25)
INSERT dbo.PostCategories VALUES (30, 29)
INSERT dbo.PostCategories VALUES (30, 77)
INSERT dbo.PostCategories VALUES (30, 79)
INSERT dbo.PostCategories VALUES (30, 92)
INSERT dbo.PostCategories VALUES (30, 105)
INSERT dbo.PostCategories VALUES (30, 108)
INSERT dbo.PostCategories VALUES (30, 111)
INSERT dbo.PostCategories VALUES (30, 117)
INSERT dbo.PostCategories VALUES (30, 131)
INSERT dbo.PostCategories VALUES (31, 78)
INSERT dbo.PostCategories VALUES (31, 103)
INSERT dbo.PostCategories VALUES (31, 126)
INSERT dbo.PostCategories VALUES (31, 132)
INSERT dbo.PostCategories VALUES (32, 7)
INSERT dbo.PostCategories VALUES (32, 18)
INSERT dbo.PostCategories VALUES (32, 53)
INSERT dbo.PostCategories VALUES (32, 62)
INSERT dbo.PostCategories VALUES (32, 67)
INSERT dbo.PostCategories VALUES (32, 80)
INSERT dbo.PostCategories VALUES (32, 91)
INSERT dbo.PostCategories VALUES (32, 108)
INSERT dbo.PostCategories VALUES (32, 115)
INSERT dbo.PostCategories VALUES (32, 131)
INSERT dbo.PostCategories VALUES (32, 136)
INSERT dbo.PostCategories VALUES (33, 7)
INSERT dbo.PostCategories VALUES (33, 39)
INSERT dbo.PostCategories VALUES (33, 40)
INSERT dbo.PostCategories VALUES (33, 46)
INSERT dbo.PostCategories VALUES (33, 80)
INSERT dbo.PostCategories VALUES (33, 88)
INSERT dbo.PostCategories VALUES (33, 122)
INSERT dbo.PostCategories VALUES (33, 133)
INSERT dbo.PostCategories VALUES (34, 12)
INSERT dbo.PostCategories VALUES (34, 31)
INSERT dbo.PostCategories VALUES (34, 38)
INSERT dbo.PostCategories VALUES (34, 45)
INSERT dbo.PostCategories VALUES (34, 63)
INSERT dbo.PostCategories VALUES (34, 70)
INSERT dbo.PostCategories VALUES (34, 83)
INSERT dbo.PostCategories VALUES (34, 89)
INSERT dbo.PostCategories VALUES (34, 94)
INSERT dbo.PostCategories VALUES (34, 126)
INSERT dbo.PostCategories VALUES (34, 143)
INSERT dbo.PostCategories VALUES (35, 15)
INSERT dbo.PostCategories VALUES (35, 16)
INSERT dbo.PostCategories VALUES (35, 47)
INSERT dbo.PostCategories VALUES (35, 53)
INSERT dbo.PostCategories VALUES (35, 55)
INSERT dbo.PostCategories VALUES (35, 65)
INSERT dbo.PostCategories VALUES (35, 69)
INSERT dbo.PostCategories VALUES (35, 71)
INSERT dbo.PostCategories VALUES (35, 77)
INSERT dbo.PostCategories VALUES (35, 99)
INSERT dbo.PostCategories VALUES (35, 103)
INSERT dbo.PostCategories VALUES (35, 112)
INSERT dbo.PostCategories VALUES (35, 115)
INSERT dbo.PostCategories VALUES (35, 121)
INSERT dbo.PostCategories VALUES (35, 131)
INSERT dbo.PostCategories VALUES (36, 2)
INSERT dbo.PostCategories VALUES (36, 15)
INSERT dbo.PostCategories VALUES (36, 54)
INSERT dbo.PostCategories VALUES (36, 70)
INSERT dbo.PostCategories VALUES (36, 74)
INSERT dbo.PostCategories VALUES (36, 75)
INSERT dbo.PostCategories VALUES (36, 104)
INSERT dbo.PostCategories VALUES (36, 127)
INSERT dbo.PostCategories VALUES (36, 146)
INSERT dbo.PostCategories VALUES (37, 26)
INSERT dbo.PostCategories VALUES (37, 32)
INSERT dbo.PostCategories VALUES (37, 41)
INSERT dbo.PostCategories VALUES (37, 50)
INSERT dbo.PostCategories VALUES (37, 97)
INSERT dbo.PostCategories VALUES (37, 106)
INSERT dbo.PostCategories VALUES (37, 121)
INSERT dbo.PostCategories VALUES (37, 133)
INSERT dbo.PostCategories VALUES (37, 136)
INSERT dbo.PostCategories VALUES (37, 145)
INSERT dbo.PostCategories VALUES (37, 147)
INSERT dbo.PostCategories VALUES (37, 150)
INSERT dbo.PostCategories VALUES (38, 7)
INSERT dbo.PostCategories VALUES (38, 11)
INSERT dbo.PostCategories VALUES (38, 54)
INSERT dbo.PostCategories VALUES (38, 59)
INSERT dbo.PostCategories VALUES (38, 88)
INSERT dbo.PostCategories VALUES (38, 102)
INSERT dbo.PostCategories VALUES (38, 117)
INSERT dbo.PostCategories VALUES (39, 24)
INSERT dbo.PostCategories VALUES (39, 32)
INSERT dbo.PostCategories VALUES (39, 35)
INSERT dbo.PostCategories VALUES (39, 37)
INSERT dbo.PostCategories VALUES (39, 46)
INSERT dbo.PostCategories VALUES (39, 91)
INSERT dbo.PostCategories VALUES (39, 112)
INSERT dbo.PostCategories VALUES (39, 118)
INSERT dbo.PostCategories VALUES (39, 123)
INSERT dbo.PostCategories VALUES (39, 148)
INSERT dbo.PostCategories VALUES (40, 4)
INSERT dbo.PostCategories VALUES (40, 8)
INSERT dbo.PostCategories VALUES (40, 13)
INSERT dbo.PostCategories VALUES (40, 20)
INSERT dbo.PostCategories VALUES (40, 59)
INSERT dbo.PostCategories VALUES (40, 68)
INSERT dbo.PostCategories VALUES (40, 70)
INSERT dbo.PostCategories VALUES (40, 71)
INSERT dbo.PostCategories VALUES (40, 106)
INSERT dbo.PostCategories VALUES (40, 126)
INSERT dbo.PostCategories VALUES (40, 150)
INSERT dbo.PostCategories VALUES (41, 3)
INSERT dbo.PostCategories VALUES (41, 10)
INSERT dbo.PostCategories VALUES (41, 22)
INSERT dbo.PostCategories VALUES (41, 49)
INSERT dbo.PostCategories VALUES (41, 90)
INSERT dbo.PostCategories VALUES (41, 91)
INSERT dbo.PostCategories VALUES (41, 112)
INSERT dbo.PostCategories VALUES (41, 128)
INSERT dbo.PostCategories VALUES (41, 143)
GO

-- 
-- Dumping data for table LogUserActivities
--
PRINT (N'Dumping data for table LogUserActivities')
-- Table Medium.dbo.LogUserActivities does not contain any data (it is empty)

-- 
-- Dumping data for table Categories
--
PRINT (N'Dumping data for table Categories')
SET IDENTITY_INSERT dbo.Categories ON
GO
INSERT dbo.Categories(Id, Title, IsActive) VALUES (1, N'Support Services', CONVERT(bit, 'True'))
INSERT dbo.Categories(Id, Title, IsActive) VALUES (2, N'Life Insurance', CONVERT(bit, 'True'))
INSERT dbo.Categories(Id, Title, IsActive) VALUES (3, N'Travel & Leisure', CONVERT(bit, 'True'))
INSERT dbo.Categories(Id, Title, IsActive) VALUES (4, N'Aerospace & Defense', CONVERT(bit, 'True'))
INSERT dbo.Categories(Id, Title, IsActive) VALUES (5, N'Chemicals', CONVERT(bit, 'True'))
INSERT dbo.Categories(Id, Title, IsActive) VALUES (6, N'Alternative Energy', CONVERT(bit, 'True'))
INSERT dbo.Categories(Id, Title, IsActive) VALUES (7, N'Technology Hardware & Equipment', CONVERT(bit, 'True'))
INSERT dbo.Categories(Id, Title, IsActive) VALUES (8, N'Industrial Engineering', CONVERT(bit, 'False'))
INSERT dbo.Categories(Id, Title, IsActive) VALUES (9, N'Software & Computer Services', CONVERT(bit, 'True'))
INSERT dbo.Categories(Id, Title, IsActive) VALUES (10, N'Media', CONVERT(bit, 'True'))
INSERT dbo.Categories(Id, Title, IsActive) VALUES (11, N'Construction & Materials', CONVERT(bit, 'True'))
INSERT dbo.Categories(Id, Title, IsActive) VALUES (12, N'Automobiles & Parts', CONVERT(bit, 'False'))
INSERT dbo.Categories(Id, Title, IsActive) VALUES (13, N'Industrial Metals & Mining', CONVERT(bit, 'True'))
INSERT dbo.Categories(Id, Title, IsActive) VALUES (14, N'Electricity', CONVERT(bit, 'True'))
INSERT dbo.Categories(Id, Title, IsActive) VALUES (15, N'Mining', CONVERT(bit, 'True'))
INSERT dbo.Categories(Id, Title, IsActive) VALUES (16, N'Mobile Telecommunications', CONVERT(bit, 'True'))
INSERT dbo.Categories(Id, Title, IsActive) VALUES (17, N'Financial Services', CONVERT(bit, 'True'))
INSERT dbo.Categories(Id, Title, IsActive) VALUES (18, N'Tobacco', CONVERT(bit, 'False'))
INSERT dbo.Categories(Id, Title, IsActive) VALUES (19, N'Gas, Water & Multiutilities', CONVERT(bit, 'True'))
INSERT dbo.Categories(Id, Title, IsActive) VALUES (20, N'Fixed Line Telecommunications', CONVERT(bit, 'True'))
INSERT dbo.Categories(Id, Title, IsActive) VALUES (21, N'Personal Goods', CONVERT(bit, 'True'))
INSERT dbo.Categories(Id, Title, IsActive) VALUES (22, N'General Industrials', CONVERT(bit, 'True'))
INSERT dbo.Categories(Id, Title, IsActive) VALUES (23, N'Industrial Transportation', CONVERT(bit, 'True'))
INSERT dbo.Categories(Id, Title, IsActive) VALUES (24, N'Health Care Equipment & Services', CONVERT(bit, 'True'))
INSERT dbo.Categories(Id, Title, IsActive) VALUES (25, N'Leisure Goods', CONVERT(bit, 'True'))
INSERT dbo.Categories(Id, Title, IsActive) VALUES (26, N'Banks', CONVERT(bit, 'True'))
INSERT dbo.Categories(Id, Title, IsActive) VALUES (27, N'Household Goods & Home Construction', CONVERT(bit, 'True'))
INSERT dbo.Categories(Id, Title, IsActive) VALUES (28, N'Nonequity Investment Instruments', CONVERT(bit, 'True'))
INSERT dbo.Categories(Id, Title, IsActive) VALUES (29, N'Electronic & Electrical Equipment', CONVERT(bit, 'False'))
INSERT dbo.Categories(Id, Title, IsActive) VALUES (30, N'Pharmaceuticals & Biotechnology', CONVERT(bit, 'True'))
INSERT dbo.Categories(Id, Title, IsActive) VALUES (31, N'Nonlife Insurance', CONVERT(bit, 'True'))
INSERT dbo.Categories(Id, Title, IsActive) VALUES (32, N'Real Estate Investment & Services', CONVERT(bit, 'True'))
INSERT dbo.Categories(Id, Title, IsActive) VALUES (33, N'Food & Drug Retailers', CONVERT(bit, 'True'))
INSERT dbo.Categories(Id, Title, IsActive) VALUES (34, N'General Retailers', CONVERT(bit, 'False'))
INSERT dbo.Categories(Id, Title, IsActive) VALUES (35, N'Beverages', CONVERT(bit, 'True'))
INSERT dbo.Categories(Id, Title, IsActive) VALUES (36, N'Food Producers', CONVERT(bit, 'True'))
INSERT dbo.Categories(Id, Title, IsActive) VALUES (37, N'Oil & Gas Producers', CONVERT(bit, 'True'))
INSERT dbo.Categories(Id, Title, IsActive) VALUES (38, N'Real Estate Investment Trusts', CONVERT(bit, 'True'))
INSERT dbo.Categories(Id, Title, IsActive) VALUES (39, N'Equity Investment Instruments', CONVERT(bit, 'True'))
INSERT dbo.Categories(Id, Title, IsActive) VALUES (40, N'Forestry & Paper', CONVERT(bit, 'False'))
INSERT dbo.Categories(Id, Title, IsActive) VALUES (41, N'Oil Equipment, Services & Distribution', CONVERT(bit, 'True'))
GO
SET IDENTITY_INSERT dbo.Categories OFF
GO

-- 
-- Dumping data for table AuditTrailLogs
--
PRINT (N'Dumping data for table AuditTrailLogs')
-- Table Medium.dbo.AuditTrailLogs does not contain any data (it is empty)

-- 
-- Dumping data for table AspNetUserTokens
--
PRINT (N'Dumping data for table AspNetUserTokens')
-- Table Medium.dbo.AspNetUserTokens does not contain any data (it is empty)

-- 
-- Dumping data for table AspNetUsers
--
PRINT (N'Dumping data for table AspNetUsers')
SET IDENTITY_INSERT dbo.AspNetUsers ON
GO
INSERT dbo.AspNetUsers(Id, FullName, UserName, NormalizedUserName, Email, NormalizedEmail, EmailConfirmed, PasswordHash, SecurityStamp, ConcurrencyStamp, PhoneNumber, PhoneNumberConfirmed, TwoFactorEnabled, LockoutEnd, LockoutEnabled, AccessFailedCount) VALUES (1, N'Belal Badawy', N'Belal', N'BELAL', N'admin@gmail.com', N'ADMIN@GMAIL.COM', CONVERT(bit, 'True'), N'AQAAAAIAAYagAAAAECF1SVsfULLR9baIDKyhZknY9fr+0gOlYKE91wssa4njgiO8aNPsG6eyHjg2k7UhRg==', N'K55M5XFCP5CPERJFQE52B7324A6S7BTH', N'1f61b3e3-d8d3-4864-b001-164fd0c6c4c6', NULL, CONVERT(bit, 'False'), CONVERT(bit, 'False'), NULL, CONVERT(bit, 'True'), 0)
GO
SET IDENTITY_INSERT dbo.AspNetUsers OFF
GO

-- 
-- Dumping data for table AspNetUserRoles
--
PRINT (N'Dumping data for table AspNetUserRoles')
INSERT dbo.AspNetUserRoles VALUES (1, 1)
GO

-- 
-- Dumping data for table AspNetUserLogins
--
PRINT (N'Dumping data for table AspNetUserLogins')
-- Table Medium.dbo.AspNetUserLogins does not contain any data (it is empty)

-- 
-- Dumping data for table AspNetUserClaims
--
PRINT (N'Dumping data for table AspNetUserClaims')
-- Table Medium.dbo.AspNetUserClaims does not contain any data (it is empty)

-- 
-- Dumping data for table AspNetRoles
--
PRINT (N'Dumping data for table AspNetRoles')
SET IDENTITY_INSERT dbo.AspNetRoles ON
GO
INSERT dbo.AspNetRoles(Id, Name, NormalizedName, ConcurrencyStamp) VALUES (1, N'Administrator', N'ADMINISTRATOR', NULL)
INSERT dbo.AspNetRoles(Id, Name, NormalizedName, ConcurrencyStamp) VALUES (2, N'User', N'USER', NULL)
GO
SET IDENTITY_INSERT dbo.AspNetRoles OFF
GO

-- 
-- Dumping data for table AspNetRoleClaims
--
PRINT (N'Dumping data for table AspNetRoleClaims')
-- Table Medium.dbo.AspNetRoleClaims does not contain any data (it is empty)

-- 
-- Dumping data for table AppClaims
--
PRINT (N'Dumping data for table AppClaims')
-- Table Medium.dbo.AppClaims does not contain any data (it is empty)

USE Medium
GO

IF DB_NAME() <> N'Medium' SET NOEXEC ON
GO

--
-- Create foreign key [FK_PostComments_Posts] on table [dbo].[PostComments]
--
PRINT (N'Create foreign key [FK_PostComments_Posts] on table [dbo].[PostComments]')
GO
ALTER TABLE dbo.PostComments
  ADD CONSTRAINT FK_PostComments_Posts FOREIGN KEY (PostId) REFERENCES dbo.Posts (Id)
GO

--
-- Create foreign key [FK_AspNetUserTokens_AspNetUsers_UserId] on table [dbo].[AspNetUserTokens]
--
PRINT (N'Create foreign key [FK_AspNetUserTokens_AspNetUsers_UserId] on table [dbo].[AspNetUserTokens]')
GO
ALTER TABLE dbo.AspNetUserTokens
  ADD CONSTRAINT FK_AspNetUserTokens_AspNetUsers_UserId FOREIGN KEY (UserId) REFERENCES dbo.AspNetUsers (Id) ON DELETE CASCADE
GO

--
-- Create foreign key [FK_AspNetUserLogins_AspNetUsers_UserId] on table [dbo].[AspNetUserLogins]
--
PRINT (N'Create foreign key [FK_AspNetUserLogins_AspNetUsers_UserId] on table [dbo].[AspNetUserLogins]')
GO
ALTER TABLE dbo.AspNetUserLogins
  ADD CONSTRAINT FK_AspNetUserLogins_AspNetUsers_UserId FOREIGN KEY (UserId) REFERENCES dbo.AspNetUsers (Id) ON DELETE CASCADE
GO

--
-- Create foreign key [FK_AspNetUserClaims_AspNetUsers_UserId] on table [dbo].[AspNetUserClaims]
--
PRINT (N'Create foreign key [FK_AspNetUserClaims_AspNetUsers_UserId] on table [dbo].[AspNetUserClaims]')
GO
ALTER TABLE dbo.AspNetUserClaims
  ADD CONSTRAINT FK_AspNetUserClaims_AspNetUsers_UserId FOREIGN KEY (UserId) REFERENCES dbo.AspNetUsers (Id) ON DELETE CASCADE
GO

--
-- Create foreign key [FK_AspNetRoleClaims_AspNetRoles_RoleId] on table [dbo].[AspNetRoleClaims]
--
PRINT (N'Create foreign key [FK_AspNetRoleClaims_AspNetRoles_RoleId] on table [dbo].[AspNetRoleClaims]')
GO
ALTER TABLE dbo.AspNetRoleClaims
  ADD CONSTRAINT FK_AspNetRoleClaims_AspNetRoles_RoleId FOREIGN KEY (RoleId) REFERENCES dbo.AspNetRoles (Id) ON DELETE CASCADE
GO

--
-- Create foreign key [FK_AppClaims_AppClaims] on table [dbo].[AppClaims]
--
PRINT (N'Create foreign key [FK_AppClaims_AppClaims] on table [dbo].[AppClaims]')
GO
ALTER TABLE dbo.AppClaims
  ADD CONSTRAINT FK_AppClaims_AppClaims FOREIGN KEY (ParentId) REFERENCES dbo.AppClaims (Id)
GO

--
-- Create foreign key [FK_PostTags_Posts] on table [dbo].[PostTags]
--
PRINT (N'Create foreign key [FK_PostTags_Posts] on table [dbo].[PostTags]')
GO
ALTER TABLE dbo.PostTags
  ADD CONSTRAINT FK_PostTags_Posts FOREIGN KEY (PostId) REFERENCES dbo.Posts (Id)
GO

--
-- Create foreign key [FK_PostTags_Tags] on table [dbo].[PostTags]
--
PRINT (N'Create foreign key [FK_PostTags_Tags] on table [dbo].[PostTags]')
GO
ALTER TABLE dbo.PostTags
  ADD CONSTRAINT FK_PostTags_Tags FOREIGN KEY (TageId) REFERENCES dbo.Tags (Id)
GO

--
-- Create foreign key [FK_PostRelatedPosts_Posts] on table [dbo].[PostRelatedPosts]
--
PRINT (N'Create foreign key [FK_PostRelatedPosts_Posts] on table [dbo].[PostRelatedPosts]')
GO
ALTER TABLE dbo.PostRelatedPosts
  ADD CONSTRAINT FK_PostRelatedPosts_Posts FOREIGN KEY (PostId) REFERENCES dbo.Posts (Id)
GO

--
-- Create foreign key [FK_PostRelatedPosts_Posts1] on table [dbo].[PostRelatedPosts]
--
PRINT (N'Create foreign key [FK_PostRelatedPosts_Posts1] on table [dbo].[PostRelatedPosts]')
GO
ALTER TABLE dbo.PostRelatedPosts
  ADD CONSTRAINT FK_PostRelatedPosts_Posts1 FOREIGN KEY (RelatedPostId) REFERENCES dbo.Posts (Id)
GO

--
-- Create foreign key [FK_PostCategories_Categories] on table [dbo].[PostCategories]
--
PRINT (N'Create foreign key [FK_PostCategories_Categories] on table [dbo].[PostCategories]')
GO
ALTER TABLE dbo.PostCategories
  ADD CONSTRAINT FK_PostCategories_Categories FOREIGN KEY (CategoryId) REFERENCES dbo.Categories (Id)
GO

--
-- Create foreign key [FK_PostCategories_Posts] on table [dbo].[PostCategories]
--
PRINT (N'Create foreign key [FK_PostCategories_Posts] on table [dbo].[PostCategories]')
GO
ALTER TABLE dbo.PostCategories
  ADD CONSTRAINT FK_PostCategories_Posts FOREIGN KEY (PostId) REFERENCES dbo.Posts (Id)
GO

--
-- Create foreign key [FK_AspNetUserRoles_AspNetRoles_RoleId] on table [dbo].[AspNetUserRoles]
--
PRINT (N'Create foreign key [FK_AspNetUserRoles_AspNetRoles_RoleId] on table [dbo].[AspNetUserRoles]')
GO
ALTER TABLE dbo.AspNetUserRoles
  ADD CONSTRAINT FK_AspNetUserRoles_AspNetRoles_RoleId FOREIGN KEY (RoleId) REFERENCES dbo.AspNetRoles (Id) ON DELETE CASCADE
GO

--
-- Create foreign key [FK_AspNetUserRoles_AspNetUsers_UserId] on table [dbo].[AspNetUserRoles]
--
PRINT (N'Create foreign key [FK_AspNetUserRoles_AspNetUsers_UserId] on table [dbo].[AspNetUserRoles]')
GO
ALTER TABLE dbo.AspNetUserRoles
  ADD CONSTRAINT FK_AspNetUserRoles_AspNetUsers_UserId FOREIGN KEY (UserId) REFERENCES dbo.AspNetUsers (Id) ON DELETE CASCADE
GO
SET NOEXEC OFF
GO